date,Return,Topic_0,Topic_1,Topic_2,Topic_3,Topic_4,Topic_5,Market_Regime
2012-01-04,0.0015683465363223,0.0,0.0,0.0,0.0,0.0,0.0,0
2012-01-05,0.0026628020302192,0.0,0.0,0.0,0.0,0.0,0.0,1
2012-01-06,-0.0025776094108872,0.0,0.0,0.0,0.0,0.0,0.0,0
2012-01-09,0.0024276250096086,0.0,0.0,0.0,0.0,0.0,0.0,1
2012-01-10,0.0086705661005626,0.0,0.0,0.0,0.0,0.0,0.0,0
2012-01-11,0.0005420036160301,0.0,0.0,0.0,0.0,0.0,0.0,1
2012-01-12,0.0023994010872305,0.0,0.0,0.0,0.0,0.0,0.0,0
2012-01-13,-0.0051735620592878,0.0,0.0,0.0,0.0,0.0,0.0,1
2012-01-17,0.0038810360478422,0.0,0.0,0.0,0.0,0.0,0.0,0
2012-01-18,0.0110562166645382,0.0,0.0,0.0,0.0,0.0,0.0,1
2012-01-19,0.0052763942590032,0.0,0.0,0.0,0.0,0.0,0.0,0
2012-01-20,0.0037273743295715,0.0,0.0,0.0,0.0,0.0,0.0,1
2012-01-23,-0.0025768864779679,0.0,0.0,0.0,0.0,0.0,0.0,0
2012-01-24,-0.0011395827007575,0.0,0.0,0.0,0.0,0.0,0.0,1
2012-01-25,0.0083675143682206,0.0,0.0,0.0,0.0,0.0,0.0,0
2012-01-26,-0.0051298361038918,0.0,0.0,0.0,0.0,0.0,0.0,1
2012-01-27,-0.000454633192193,0.0,0.0,0.0,0.0,0.0,0.0,0
2012-01-30,-0.0034141157193525,0.0,0.0,0.0,0.0,0.0,0.0,1
2012-01-31,-0.0003805548799471,0.0,0.0,0.0,0.0,0.0,0.0,0
2012-02-01,0.0087573589493639,0.0,0.0,0.0,0.0,0.0,0.0,1
2012-02-02,0.0015849400754908,0.3062869741928509,0.1671447919876701,0.1582275847292976,0.1248651627361425,0.1358133364246061,0.1076621525243929,2
2012-02-03,0.0140188133747678,0.3452384107606485,0.1431815685681067,0.1564412229869048,0.1182142681407276,0.1176675177796277,0.1192570142110343,2
2012-02-06,-0.0006691203985448,0.3324928142302552,0.1613424575863945,0.147933649121766,0.1149058809123459,0.1280377023870481,0.115287497132677,2
2012-02-07,0.0025288994768271,0.3249515971271203,0.164155832051726,0.142749373431067,0.1145628741736515,0.1333564984262578,0.1202238275914084,2
2012-02-08,0.0029676282845194,0.3160399515260824,0.1653284342388696,0.1269331942035174,0.1156951634659423,0.15336896942925,0.1226342892967029,2
2012-02-09,0.0012576727721287,0.3007319462634505,0.1772560875152311,0.1286697041210542,0.1055530184930182,0.1676358893001109,0.1201533547841342,2
2012-02-10,-0.0073876830142537,0.3305530357966199,0.1568091726244892,0.138098979688948,0.1015848962939344,0.1461626074434024,0.1267913080879952,2
2012-02-13,0.0074426670794172,0.3417509984086018,0.1650280704201137,0.1322974961132387,0.104204404618823,0.1408571335935842,0.1158618948581537,2
2012-02-14,-0.0012560930181405,0.361021950026111,0.1523890710147967,0.1430233803528937,0.1007497820076523,0.1070091430744498,0.1358066694807169,2
2012-02-15,-0.0046600222777013,0.3647322074161593,0.1490874296104008,0.1549511061059421,0.1008781762949647,0.0941737235297325,0.1361773510762398,2
2012-02-16,0.0110728914843132,0.3498811071832415,0.1507401849728481,0.1515217040651588,0.1048821994690215,0.1139354050235699,0.1290393953644346,2
2012-02-17,0.0026462018251585,0.3533990428876131,0.1388976060377899,0.1660923281009308,0.1028888153203296,0.1092502060800324,0.1294720002065878,2
2012-02-21,0.000440179958915,0.3131623418951234,0.177538556313475,0.1475108946372208,0.1233085249765613,0.1509961629387389,0.0874835205650824,2
2012-02-22,-0.0032242756188045,0.3240911199684082,0.1686934609467698,0.145414905948696,0.1273327020351612,0.1469861787693507,0.0874816320757318,2
2012-02-23,0.0044110791417741,0.3099571152702732,0.1684644852253677,0.1386918697111693,0.133387249996264,0.1592893311039942,0.0902099473823264,2
2012-02-24,0.0021952815388162,0.3534484392614104,0.1306076487037352,0.1421503178565762,0.1265876530320383,0.1473240363632794,0.099881903345813,2
2012-02-27,0.0016799141787782,0.3246665399134162,0.1598053097840437,0.1327131362551987,0.1248056411133745,0.1527950853352672,0.1052142877105138,2
2012-02-28,0.0029158509612237,0.3196568137601953,0.1671301085966678,0.1396998613399151,0.1177643869487234,0.1472970641205324,0.1084517623899951,2
2012-02-29,-0.0039250216758849,0.3217839348976504,0.1684551202493293,0.1398468720914494,0.1120833032911775,0.1388737595266433,0.1189570065770744,2
2012-03-01,0.0051817198533476,0.3067618447108197,0.1589152567646505,0.1546230301961,0.1095806048759856,0.1525597886722539,0.1175594728704522,2
2012-03-02,-0.0030500966639364,0.3367477991897613,0.1243228581617585,0.1671707749238703,0.1086831569764762,0.1434270546789048,0.1196483538445317,2
2012-03-05,-0.0040778622560134,0.3182893719432361,0.134137907614419,0.1665269980765069,0.1151046879282023,0.1482149829338893,0.1177260519680499,2
2012-03-06,-0.0146251098160062,0.3077705520276397,0.1214607241558374,0.1851453925633459,0.1106969742332387,0.1635234490580048,0.1114029090182089,2
2012-03-07,0.0069757404379966,0.3181960689138107,0.1224088768260085,0.1798342476970638,0.1196056582866969,0.1495965369897319,0.1103586134052534,2
2012-03-08,0.0099489332581865,0.2903736211197867,0.1291027537204323,0.1841630621137219,0.1135572085338446,0.1721526872577967,0.1106506672210457,2
2012-03-09,0.0038677082818039,0.3121099763037637,0.1212630498793441,0.1794851674581877,0.1117752441926858,0.156454206338385,0.1189123559650033,2
2012-03-12,7.285121403421968e-05,0.303186379534658,0.1468930625461507,0.1597010900466702,0.1271213819277472,0.1519390855410601,0.1111590004657627,2
2012-03-13,0.0180254570175422,0.2943608529665507,0.1430574441759381,0.1493146772382315,0.1281350885522551,0.1562588421140098,0.1288730939114466,2
2012-03-14,-0.0010706211743913,0.2966090474589727,0.1492771696485578,0.1384654030241071,0.1331806606233585,0.1446198861907468,0.1378478321407455,2
2012-03-15,0.0057892681267557,0.3030063772606663,0.150114098128397,0.1395313643573317,0.1270788357097189,0.152470875415136,0.1277984468217473,2
2012-03-16,0.0013847033182206,0.3396425352501683,0.1309158676990773,0.1389444119349354,0.1235413929272908,0.1440482038928894,0.1229075840083532,2
2012-03-19,0.0039200960604113,0.3283800355083244,0.1555225333080237,0.141372797386771,0.1328069152762066,0.1343855223379149,0.1075321904133558,2
2012-03-20,-0.0029105526383511,0.3280044246110069,0.1550224039375392,0.1466507045180108,0.1430945439122036,0.1243126506247143,0.1029152693297033,2
2012-03-21,-0.0016381214794325,0.3081638291379371,0.1389181099201163,0.1491756574623789,0.1412681745595649,0.1409988885704013,0.1214753402961902,2
2012-03-22,-0.0072033991770358,0.2814471404970557,0.1368463742393145,0.1556551452173655,0.1448361428824603,0.1541115337079908,0.1271036641582283,2
2012-03-23,0.0032328366945515,0.2897151903156191,0.1265568042080849,0.1695457133522722,0.1233848683384712,0.1553960635582916,0.1354013640026096,2
2012-03-26,0.0140350139228897,0.283368263310278,0.1434868900329057,0.1655555196993016,0.1131932734112784,0.1656726495338393,0.1287234077357011,2
2012-03-27,-0.003107010979891,0.298547100576563,0.1551564198443848,0.1705408924458977,0.1141002224766712,0.1522817146055189,0.1093736520740226,2
2012-03-28,-0.0049587409986843,0.3020227088387964,0.1569556223440631,0.1732009390009996,0.1031288762084737,0.1455172925278334,0.1191745650866091,2
2012-03-29,-0.0017084619964827,0.3085407664328722,0.1486173467934314,0.1542888299412523,0.1077555841355648,0.1611054078220645,0.1196920688920676,2
2012-03-30,0.004136080280058,0.3339916834165342,0.1409263923252001,0.1540104158327448,0.0952331379987299,0.1527102508069947,0.1231281216215574,2
2012-04-02,0.0073145710346633,0.3020561805566708,0.1618063085555909,0.1442921432533269,0.1012172647858063,0.162270175101989,0.1283579290230964,2
2012-04-03,-0.0040888590606972,0.3024866903912211,0.1626207083155745,0.1376420558634647,0.0991462920386368,0.1760760822436391,0.122028171064213,2
2012-04-04,-0.0099107509168391,0.2908693118709075,0.1598591914639687,0.1573001334939119,0.1024225697691111,0.1678259858586212,0.1217228044078192,2
2012-04-05,-0.0005004630865533,0.282288769661815,0.1559237116791186,0.1696159200935592,0.1075871198555944,0.1683828444852811,0.1162016323730322,2
2012-04-09,-0.0112310279122306,0.3123561544534282,0.1461537264266721,0.1699599349173808,0.1063426631582203,0.1474806121198502,0.117706906921235,2
2012-04-10,-0.0167849758532456,0.3230057657304683,0.1521841847282107,0.1635147130385598,0.1047878427324118,0.1468825655654812,0.1096249297558145,2
2012-04-11,0.0080943179184951,0.3223033249312544,0.1421412936134933,0.1726639293368065,0.0977249936640961,0.1470407989100361,0.1181256605964202,2
2012-04-12,0.0130655973203492,0.294412035984406,0.1488617117705493,0.1733636917151602,0.0977717135431245,0.1570608163255541,0.1285300329001668,2
2012-04-13,-0.0118886566019151,0.3043771844869479,0.1357430653751361,0.187310537189478,0.0905578383075771,0.1491212156927212,0.132890159630333,2
2012-04-16,-0.0006559817056984,0.2917867956899673,0.1468841644241879,0.1769573346053695,0.1004467950953909,0.1493406874101365,0.1345842201952346,2
2012-04-17,0.0148120677391947,0.2846846086562246,0.149236089339753,0.1650821624760029,0.1131494360016,0.1531974083962141,0.1346502945254779,2
2012-04-18,-0.0033796765297614,0.2909606893949777,0.1377247298525585,0.1646114895463434,0.1270389538386876,0.1445256877396478,0.1351384492116504,2
2012-04-19,-0.0064205751412944,0.3004178877950281,0.1303540159475928,0.164332563783366,0.1335405485635198,0.1472344537268382,0.1241205330201647,2
2012-04-20,0.001669768809227,0.3120286154747009,0.1164214518631342,0.1797383966459892,0.1280986525851767,0.1416182343795662,0.1220946527936029,2
2012-04-23,-0.0084088112142111,0.2975027383471312,0.1278348438101305,0.180537743525791,0.1421897714241329,0.1372254825855084,0.1147094226980808,2
2012-04-24,0.0038012757185115,0.2978657890370521,0.1300611790953619,0.1788310445896136,0.1347208315279256,0.1443790094537139,0.1141421475625358,2
2012-04-25,0.0136921963270832,0.2863205698973904,0.134556654503983,0.1715506480824919,0.1319220843031923,0.1444812706241096,0.1311687716576963,2
2012-04-26,0.0069685887715116,0.2851745668638902,0.1436945441199416,0.1733056878396096,0.1232189917209014,0.1395710439270074,0.1350351642057759,2
2012-04-27,0.001641255755983,0.3022398818074725,0.1381990700704045,0.1756718778307549,0.1150217070453799,0.1316811169357969,0.1371863448648946,2
2012-04-30,-0.0037046301954413,0.2887635255172702,0.1639965926359003,0.1747007409080369,0.1218962033583836,0.1251313377142627,0.1255116004844866,2
2012-05-01,0.0062208214298975,0.2818258591029646,0.1681291477409252,0.1828018446259637,0.1221375922918839,0.1224935446638823,0.1226120100372908,2
2012-05-02,-0.0029844170145768,0.2724406463662947,0.1564184753437588,0.185463827383236,0.1177697080608511,0.1385030580218857,0.1294042830016668,2
2012-05-03,-0.0076253224637128,0.2722490905281941,0.1468366021224358,0.1847169870969345,0.1130486102671882,0.1422621548466826,0.1408865551503812,2
2012-05-04,-0.0161580258419459,0.2843012215290218,0.1378512465173844,0.2044211358646862,0.0988693808054085,0.1319977153773652,0.1425592992792371,2
2012-05-07,0.0007296289554934,0.2795730302304244,0.1525875473049049,0.1933257487400841,0.1068936128489559,0.1358574500270432,0.131762614068017,2
2012-05-08,-0.0040113102961008,0.3034149865627503,0.1646503024330408,0.1849846700284104,0.1000986280333137,0.1352171132216706,0.1116343010892399,2
2012-05-09,-0.0059322624810519,0.3158751491721002,0.1678323624344588,0.1934151492520175,0.0911417529551664,0.1366004940615046,0.0951350876671734,2
2012-05-10,0.0020628998158063,0.3207318070166027,0.1637645733068743,0.1868851427159678,0.0930742901662716,0.147147205380398,0.0883969772659714,2
2012-05-11,-0.0030141906344729,0.3238499453081749,0.1544106008321978,0.2217423401621635,0.0753269200457725,0.1430166234530042,0.0816535650909645,2
2012-05-14,-0.0110612773320802,0.2875901061482231,0.157866530952123,0.2426858722787773,0.0883786200387122,0.1333527238841386,0.0901261436883838,2
2012-05-15,-0.005741417009072,0.2831422942969452,0.1620379830553057,0.2264902873985891,0.0891075704192927,0.1403484860341747,0.0988733801399836,2
2012-05-16,-0.0038249395599594,0.2954272124636422,0.1524632023233781,0.2217035506837026,0.0933681059225646,0.1369728214840622,0.1000651085571631,2
2012-05-17,-0.0148308945755042,0.2943256095644988,0.1438942550640414,0.2000812757302963,0.1023051582222989,0.1446563247055498,0.1147373787397997,2
2012-05-18,-0.0085588686614767,0.3318763716274406,0.1327831180184147,0.1776031670602969,0.1001154332258738,0.138013234429527,0.1196086769842076,2
2012-05-21,0.0171882249044068,0.3085254880870758,0.1542433591062953,0.1741157377860508,0.1080162922984787,0.1354864152965034,0.1196127084158986,2
2012-05-22,0.0017431113827022,0.2853442897732435,0.1600686118907114,0.1855922036140691,0.1130197954415676,0.1337589370728834,0.1222161603345928,2
2012-05-23,0.0005293875179162,0.2901236308439235,0.1542175511554168,0.1878561369318049,0.1151479580980126,0.1303238068522783,0.1223309142747355,2
2012-05-24,0.0019656237530112,0.2684316731014821,0.1511722029726306,0.1896478124032727,0.1238151658377942,0.141455488736568,0.1254776579455399,2
2012-05-25,-0.0032444421353026,0.2929967656661756,0.1239822596265002,0.1922126477910205,0.1292603846418205,0.1455694796092575,0.1159784635319374,2
2012-05-29,0.0121118763281518,0.276900956557227,0.1458180299212453,0.1682619141280686,0.1442099731930697,0.1453349746982132,0.1194741518867016,2
2012-05-30,-0.0145102706372023,0.2750190445162371,0.1434211011938513,0.1862144634785165,0.1427269788275638,0.1372561704323891,0.1153622384004341,2
2012-05-31,-0.0022010183188143,0.2650768649518505,0.1434746287388024,0.1877460377121845,0.1348744720130393,0.1317626133564192,0.1370653809917206,2
2012-06-01,-0.0251765775131989,0.2881303051486611,0.1209805465303361,0.204740709272446,0.1194092343514784,0.1246818922908277,0.1420573103323112,2
2012-06-04,-0.0004682924075162,0.2800159261927059,0.1447807447573299,0.1896869442199605,0.1240353488373613,0.1333037698354667,0.1281772664122151,2
2012-06-05,0.0075721863876783,0.2823466465940749,0.1485523691606372,0.1606673724315843,0.1238960273003714,0.1509881496608352,0.1335494341709751,2
2012-06-06,0.0224684524343259,0.2838926279514147,0.1494254766493699,0.1694223676931361,0.1272139144210188,0.1519130148149191,0.1181325961326116,2
2012-06-07,0.0006059215232139,0.2713246601370213,0.1559701004911343,0.1675822144555642,0.1158556286174381,0.1622139027957667,0.127053492209791,2
2012-06-08,0.0079518997268743,0.2692267506453208,0.1294242657092399,0.1875328048283699,0.1070048781135119,0.1713015919423196,0.1355097063089487,2
2012-06-11,-0.0126971378099205,0.2565077924125333,0.1457207584740313,0.1948359346979511,0.1147005167662083,0.1582091617462064,0.1300258361980239,2
2012-06-12,0.0114906664053648,0.254874536525688,0.1412005045810434,0.200708616402301,0.114431681535245,0.1536087486217801,0.1351759130415892,2
2012-06-13,-0.0063949210571141,0.2418542324078705,0.1309731052173952,0.1966683080357713,0.1206945811491842,0.1686493853828941,0.141160388839912,2
2012-06-14,0.0106004582134975,0.240352209212954,0.1292806921443622,0.1998981234601913,0.1174679488956845,0.1718252763181298,0.1411757503701526,2
2012-06-15,0.0102275291691777,0.2403806032752617,0.103697354781907,0.2214437885791994,0.1082756749633699,0.1783657745277741,0.1478368051646975,2
2012-06-18,0.0019382565183541,0.2168808056862241,0.1181700272080184,0.2250784548667286,0.1149153848687706,0.1831115597363922,0.1418437695995637,2
2012-06-19,0.0096724627485749,0.2499495294393188,0.1324809696282887,0.2154268320514381,0.1144122115903587,0.1621030516479757,0.1256274084319559,2
2012-06-20,-0.0016213629758983,0.276146747731246,0.13351994455463,0.1975465994996045,0.1207647094010894,0.1523202927346236,0.119701709715064,2
2012-06-21,-0.0224387835969541,0.2809842415648661,0.1504518286338703,0.1888539830261867,0.1249634185302124,0.1480930456611921,0.1066534869929275,2
2012-06-22,0.0077017610224441,0.3018788192048668,0.1425040935771539,0.1893487309094052,0.1117518501856829,0.1401500883506378,0.1143664204888045,2
2012-06-25,-0.0160347584212585,0.2824924386716447,0.1519969388055614,0.188664842067752,0.1234857000058982,0.1438397049733903,0.1095203760508447,2
2012-06-26,0.00502566099809,0.2797333831880241,0.1482923336279345,0.1948332959462422,0.1145368565313983,0.1442285158158046,0.1183756158385076,2
2012-06-27,0.0090168036165743,0.2945142537918873,0.1360593303804052,0.1785278139743022,0.1112940574167296,0.1456421090218936,0.1339624334301915,2
2012-06-28,-0.0028538007447098,0.2878222883474081,0.1331169937794329,0.1706147741936146,0.1208989145325031,0.1562206433293176,0.1313263861393206,2
2012-06-29,0.0249273724284164,0.2962324055964991,0.1209615846859475,0.178071859210067,0.1128683875354136,0.1479825716253703,0.1438831940961709,2
2012-07-02,0.0030116760385212,0.2764078783135608,0.1400545212056611,0.170198490336555,0.1249589085111491,0.1446952232738879,0.1436849790371032,2
2012-07-03,0.0065929073389585,0.2743494956529446,0.1404428736703128,0.1700456724337012,0.1337264613095302,0.1494116917843387,0.1320238059912351,2
2012-07-05,-0.0045117687554451,0.2881367863065377,0.1512008844518672,0.1330890818575762,0.1531434579133224,0.1575463207865898,0.1168834667662685,2
2012-07-06,-0.0095033962981612,0.3111008356534875,0.1364862470102428,0.1420474068760024,0.1478805475883853,0.1467496235496841,0.1157353380536071,2
2012-07-09,-0.0012548974241146,0.293702504996248,0.162821910576196,0.1347847985213537,0.1545246821014374,0.1385465859717206,0.1156195170996133,2
2012-07-10,-0.0087198864118177,0.3050086709838737,0.1623923952328571,0.1540765531519724,0.1393458856825678,0.1183910006697493,0.1207854939526657,2
2012-07-11,0.0001487304607341,0.2937952566175167,0.1623446838288166,0.1691030003801284,0.1358953155434652,0.1171825457567552,0.1216791973258148,2
2012-07-12,-0.0048447043531013,0.261682757745069,0.1612621593613242,0.1695689992159901,0.1505310632192491,0.1325065076507831,0.1244485109969752,2
2012-07-13,0.0167778700476726,0.2825613417243584,0.1402335697691887,0.1888274720194749,0.1324319397099315,0.1304774315009126,0.1254682432813569,2
2012-07-16,-0.0023577363080058,0.2660464253653348,0.148726321240379,0.1752694811424324,0.132877040666909,0.152095328366532,0.1249854007537412,2
2012-07-17,0.0068676683769695,0.2570628359941342,0.1372253309497186,0.1762240950818258,0.1494030478360681,0.1569730722935954,0.1231116138747363,2
2012-07-18,0.0074066290056888,0.2653165646553547,0.1334656809845049,0.1851934909549626,0.1355984626049493,0.1567494092552541,0.1236763877124228,2
2012-07-19,0.0026205392777676,0.2620358241912485,0.1250768386646681,0.1749392236917363,0.1490014631129187,0.1567829426217675,0.1321637042919808,2
2012-07-20,-0.0091481257490755,0.274631597448606,0.1025338901393115,0.1895738614816218,0.1465993336617247,0.1449213043792405,0.1417400109209119,2
2012-07-23,-0.010112002114454,0.2680026633258346,0.1330246113743072,0.1750087623186713,0.137929319546301,0.1430055203609328,0.1430291223182133,2
2012-07-24,-0.0085874033416665,0.2686969379674081,0.1358470064240413,0.1637959889525386,0.1510168154010075,0.1368665159342737,0.1437767345679015,2
2012-07-25,0.0002244569831479,0.2438693767332841,0.145072737568002,0.1716490637213295,0.1519554025175507,0.1387310407852448,0.1487223778973124,2
2012-07-26,0.0164971723827758,0.2421394115326363,0.14786093910126,0.173328489800247,0.1511656485075123,0.1500514821958888,0.1354540273261512,2
2012-07-27,0.0184329577208393,0.2575657915067858,0.1313779788848477,0.1744358903972897,0.1512163188960402,0.1425137703708605,0.1428902473690686,2
2012-07-30,0.0,0.251745197313086,0.1522608328244795,0.1646370944386073,0.1601911220681965,0.1377475326040448,0.1334182197709772,2
2012-07-31,-0.0069945828698126,0.2864965995435536,0.1421442553733622,0.1647521934360922,0.1577903657493758,0.1361903073415314,0.1126262771581271,2
2012-08-01,-0.0008715673035443,0.2825054251553425,0.1352871104394697,0.172351731627081,0.1569483477383498,0.1351152426223424,0.117792141741814,2
2012-08-02,-0.0069044324860281,0.2771556545758554,0.1227850823832822,0.1844389351253123,0.1553627666708659,0.1401235576006738,0.1201340050103347,2
2012-08-03,0.0198333284946812,0.2828125290735624,0.1074483223096467,0.2029629680316429,0.1363874649931676,0.1439361518435179,0.126452565389336,2
2012-08-06,0.0019376518661642,0.2521437894437021,0.1329225940266938,0.1957015228591601,0.1404160733957271,0.1429876036047669,0.1358284177401452,2
2012-08-07,0.0050134469675839,0.2648729996034434,0.1378521709945367,0.1867937825521196,0.1392001430754046,0.1391404286820641,0.132140474971116,2
2012-08-08,0.0012114265052176,0.2563244464132494,0.1526304198811144,0.1874644117412365,0.1338535616110041,0.1470612268745633,0.1226659342597355,2
2012-08-09,0.000854320838693,0.2720904257265411,0.1495045690248103,0.1789700242161027,0.1363216105749327,0.1455987065962715,0.1175146644716966,2
2012-08-10,0.0016359645492158,0.2950725632649846,0.1355097836349159,0.1919677714491262,0.1271529331884812,0.1408079362899297,0.1094890137389301,2
2012-08-13,-0.0004975788799577,0.2739198040428998,0.1606788339457268,0.1900493558230771,0.1381738545926722,0.1325220151189103,0.1046561396874002,2
2012-08-14,0.0001420692471767,0.2918333556412215,0.15613091646957,0.181833571344843,0.1366536907858184,0.1290958096798829,0.1044526573667516,2
2012-08-15,0.0011363238086468,0.2874454234915281,0.1550799444600267,0.1915655990971679,0.1263255125255758,0.1238397926559526,0.1157437286055627,2
2012-08-16,0.0073787852630227,0.274458597342247,0.1505119099540895,0.2001287667525428,0.1221718044958046,0.128981546933818,0.1237473755779191,2
2012-08-17,0.0013380952452339,0.2847175417770631,0.1326558866677805,0.1932792032696306,0.1223037936945911,0.1262107170163653,0.1408328594046178,2
2012-08-20,7.050029006516745e-05,0.268292307155342,0.1440642916829,0.186483153598412,0.1349366778008305,0.1249166582036314,0.1413069140384213,2
2012-08-21,-0.0030246302891308,0.2622904309678312,0.1442566285979609,0.1867033819505303,0.1406505625358448,0.1312318673125019,0.1348671326824005,2
2012-08-22,0.0004239821272287,0.2764505615389395,0.1443446628422151,0.1789280018140851,0.1406680660137106,0.1312077927106775,0.1284009199103347,2
2012-08-23,-0.0081794144308279,0.2994978029841046,0.1382252566002915,0.1810358552774703,0.1347937323468402,0.134962690479636,0.1114846662289237,2
2012-08-24,0.0060422836037796,0.319656751579605,0.1199308529589325,0.2038206933334003,0.1260737959085963,0.1233325912669533,0.1071853189467219,2
2012-08-27,0.0002121604518285,0.3068140256130545,0.1364247897742939,0.1971509560575673,0.1324147587967598,0.1297927187205653,0.0974027526394534,2
2012-08-28,-0.0009891429428444,0.2920569264730847,0.1450906256654457,0.1929137727670336,0.1335263655276065,0.135913187004918,0.1004991245349707,2
2012-08-29,0.0007777968457864,0.2613728161021544,0.138982147101608,0.1930925948969984,0.1391184731386163,0.154351681614354,0.1130822876158241,2
2012-08-30,-0.0072076436836661,0.2423071063245124,0.1431502410127473,0.1844120013998786,0.1422395227907252,0.1694078478481981,0.1184832802052447,2
2012-08-31,0.0047689077626875,0.2646325194300152,0.121069714090554,0.1870672660937998,0.142595420689904,0.155671917728614,0.1289631633082171,2
2012-09-04,-0.0009207959230002,0.2632141782389356,0.1495772962735241,0.1778499446720636,0.1435144264144378,0.1461241743256363,0.1197199786719557,2
2012-09-05,-0.0008509124308681,0.2657926217431071,0.1633986359634177,0.1630957833548129,0.1408223630369662,0.144624366163884,0.1222662285660317,2
2012-09-06,0.0202970876592958,0.259497811078267,0.1729954509865233,0.1564619826524106,0.1432087402946104,0.1532067458654313,0.114629268695453,2
2012-09-07,0.0038950648872397,0.2773439459071959,0.1568656037165783,0.1571808777243131,0.1384456273325486,0.1381052523455582,0.132058691252605,2
2012-09-10,-0.0056819667291314,0.281641743919971,0.159298318022352,0.1529936798100104,0.1406117641679676,0.1386334761311503,0.12682101860514,2
2012-09-11,0.002787269925673,0.3049449260904646,0.1435934525131735,0.1625044038522034,0.1437714017879417,0.1240292126683255,0.1211566036181719,2
2012-09-12,0.0033356019792416,0.3121543846371776,0.1365290755077287,0.1727252707703016,0.1293768229764619,0.1224447667142579,0.1267696779749784,2
2012-09-13,0.0152362834449812,0.3129528709826251,0.1310125392090551,0.177020479310581,0.1298781652764383,0.1241373161137074,0.1249986280639385,2
2012-09-14,0.0044344289632334,0.3292165081761777,0.1158942329743876,0.1763380454282741,0.120453208835679,0.1292015399754745,0.1288964633399154,2
2012-09-17,-0.0033959234462035,0.3034107677734123,0.1354718971430944,0.1668033247245796,0.1177599457987987,0.146431329385808,0.1301227337552132,2
2012-09-18,-0.0008178673824479,0.3122049935211094,0.134856557988484,0.1621426093778894,0.1264013160682686,0.1400942199221694,0.1243003035830929,2
2012-09-19,0.0005458671973475,0.3202783796473073,0.1392546301490316,0.1550341214090906,0.1179924797347218,0.1401171609699608,0.1273232288838494,2
2012-09-20,6.780045113674582e-05,0.3048985860895032,0.1369465764080329,0.1624375719090779,0.1302045972941147,0.1329239977632764,0.1325886683794101,2
2012-09-21,-0.0004178546054588,0.316941073150374,0.1139494173892307,0.1687709742633159,0.130728015200002,0.1313722741074161,0.1382382433506427,2
2012-09-24,-0.0015082966210685,0.2869631579995829,0.1309902965372818,0.1581874709436294,0.137220285564484,0.1460981134608605,0.1405406719166451,2
2012-09-25,-0.0106413570740053,0.2866094480327073,0.1348617400219588,0.1704380016121637,0.1382156910740863,0.1482205725430262,0.1216545429813807,2
2012-09-26,-0.0056218136655453,0.2889775714150372,0.1196293097806553,0.1809788561536321,0.1343456677247863,0.14295864194671,0.1331099523568657,2
2012-09-27,0.0094217439730168,0.2891043242986988,0.1308961840604822,0.1777437494130196,0.1276345081935264,0.1445534978135706,0.1300677351612496,2
2012-09-28,-0.0046319692376666,0.3000721357041038,0.1130297742364927,0.1947375441266922,0.1198341116262599,0.1353822688019135,0.1369441630638902,2
2012-10-01,0.0026394080249796,0.2622901362468453,0.1383461231427521,0.187789689370745,0.1319835085507684,0.140785938902255,0.1388046037523791,2
2012-10-02,0.0010388762535169,0.2690788775551097,0.149773404541544,0.1758240803437886,0.121953274527771,0.1584435507257793,0.1249268101564858,2
2012-10-03,0.0040835244321797,0.2749725689770618,0.1302302075192586,0.1881787523093747,0.1265541040447742,0.1611216975432679,0.1189426677239144,2
2012-10-04,0.0071674504949756,0.272467785434235,0.129993913888817,0.1787874368906134,0.1284425690658126,0.1644919169552949,0.1258163752455048,2
2012-10-05,6.849383634510708e-05,0.3081990557576396,0.1032145924028008,0.1758020522645721,0.1241651081601252,0.1517909800630936,0.1368282078310718,2
2012-10-08,-0.0034210986607211,0.2801609194189163,0.1357271250281271,0.1714336263748307,0.1431558133349884,0.136714658361652,0.1328078548859556,2
2012-10-09,-0.0098875704184098,0.2692728869923243,0.1428412470374975,0.1644203987460538,0.1455526108180768,0.1295700238195966,0.1483428313861585,2
2012-10-10,-0.0063803654612788,0.2725104148456679,0.1601026885970283,0.1507158409092996,0.1378879709032028,0.1304607711434617,0.148322315111778,2
2012-10-11,0.0005589844833107,0.2744003830813788,0.1592297127484132,0.1440718877486792,0.1355156346163747,0.1373074826175191,0.1494749000481908,2
2012-10-12,-0.0032789264578746,0.306373711025808,0.1272783372737466,0.147568033382995,0.1137226988410111,0.1493539552716538,0.1557032622984843,2
2012-10-15,0.0083282420223462,0.3004115775802106,0.1621634615931337,0.1389173075309074,0.110855518745636,0.1456471784976879,0.1420049536002636,2
2012-10-16,0.0101336317623283,0.3109372395013393,0.1581689290419829,0.1402802288238009,0.1086532374153896,0.1488381046306444,0.1331222554251155,2
2012-10-17,0.0045342878989134,0.2997238585764476,0.1475704927669515,0.1597322673743175,0.1053707528390506,0.1592859267006264,0.1283166957380319,2
2012-10-18,-0.0025989523748773,0.2876839823221721,0.1449361794240915,0.1633819258570721,0.1126907162039125,0.1566792683203807,0.1346279266710928,2
2012-10-19,-0.0166644006853383,0.3097801946429536,0.1106684618408325,0.1838242373557295,0.1037985870800912,0.1555983823625137,0.1363301344006321,2
2012-10-22,0.0001396053076059,0.2895295262081683,0.1261579315974874,0.1862383045408899,0.1150146700568205,0.153553843736237,0.1295057234310372,2
2012-10-23,-0.0138764411816557,0.2951518496522815,0.1365435695129478,0.1871586012352748,0.1128481857290665,0.1427301288529375,0.1255676680794278,2
2012-10-24,-0.0028285507229905,0.2879413207598166,0.1373297096502999,0.1932039254695667,0.1142785851504362,0.1402183466014062,0.1270281143395988,2
2012-10-25,0.0029076181369582,0.2823070078577049,0.1412295029620205,0.1832410398685863,0.1156720072541559,0.1437590399395517,0.1337914062969213,2
2012-10-26,-0.0005654795361733,0.3168043954949826,0.1185722185776103,0.1910848866053856,0.1068331040872726,0.1320919054764089,0.1346134929655817,2
2012-10-31,0.0,0.3110279004591072,0.1518148906064609,0.1515519530113029,0.1382928672781002,0.1279176616411752,0.1193947321921486,2
2012-11-01,0.0104700820075627,0.268010971653241,0.1384670453047821,0.1609701971131861,0.1506853954873146,0.1467510886191357,0.1351153067915807,2
2012-11-02,-0.0088913397639155,0.3012819827438162,0.1139743839458734,0.1750058904721856,0.1332343494148665,0.1371826077974024,0.1393207893837416,2
2012-11-05,0.0020482694883037,0.272345532522466,0.1299055034170116,0.164727440340584,0.1496660791556101,0.1441005229121481,0.1392549210600935,2
2012-11-06,0.0078250887264037,0.2639613905174871,0.1370797257525031,0.1788081015275429,0.1409069366596306,0.1488285137206001,0.1304153314114763,2
2012-11-07,-0.0226634214022517,0.2772909299248939,0.1549999510821484,0.1690334311121402,0.1382563707067919,0.1406281421735929,0.1197911768279512,2
2012-11-08,-0.0120244014731696,0.2496325928615694,0.1540526757969307,0.1674914978887134,0.148564873756931,0.1581280077203734,0.1221303545628211,2
2012-11-09,0.0008696080189389,0.2548829512880183,0.1199985645629931,0.1804464726010337,0.1408598071103915,0.1748437412915518,0.1289684659038902,2
2012-11-12,0.0007959198415516,0.2326528343109417,0.1434978169244148,0.1709483599814167,0.1514104660539389,0.1791572515428408,0.1223332720144302,2
2012-11-13,-0.0034712538185218,0.2411845387954268,0.1378627035191182,0.1744969675422228,0.1488496152879171,0.1791478198307442,0.1184583547867718,2
2012-11-14,-0.0134989412437607,0.2564987608364786,0.1273436460487444,0.1875557553290902,0.1388962118976716,0.1816034135211368,0.1081022132163983,2
2012-11-15,-0.0016918716315763,0.2823033651027832,0.1351344075048708,0.1869476725999313,0.1299686983411167,0.1582732780639191,0.1073725800221203,2
2012-11-16,0.0049374802616746,0.3118229518784209,0.1064685264078434,0.2107380185415968,0.1146249496436211,0.1349473396432585,0.1213982146338093,2
2012-11-19,0.0202392057545783,0.2980752228911397,0.1317348073707275,0.2103264113244066,0.1156671589266635,0.1307920266765959,0.1134043726718688,2
2012-11-20,0.0004309477183634,0.2952283487295163,0.1316622961026464,0.2137128327608505,0.1202708351917691,0.1155636075385937,0.1235620802702784,2
2012-11-21,0.0018676267429269,0.2819540943392449,0.1279444017906521,0.2505164370868287,0.1084836059363452,0.1119021661037786,0.1191992939401122,2
2012-11-23,0.0136255619575518,0.2687055899496778,0.1360854211855056,0.2743167939007359,0.1078787497972514,0.112009168102642,0.1010042808216492,2
2012-11-26,-0.0021228034077606,0.2492136256319549,0.1708475347911741,0.256492701420125,0.1095121009983009,0.1161369078873773,0.0977971309986959,2
2012-11-27,-0.005104529174528,0.2543452130076088,0.1704901234899449,0.2327346079906284,0.1127226026825261,0.1279568050507456,0.1017506476036568,2
2012-11-28,0.0080528395758041,0.2752577810029522,0.1584017181037957,0.2066784644419258,0.1171171573526976,0.1340069234021308,0.1085379534547483,2
2012-11-29,0.0046651343677892,0.2817582673580807,0.1343267671440687,0.2119961353181619,0.1131005992499156,0.1432609038845021,0.1155573234950526,2
2012-11-30,0.0002115501649839,0.299893329180777,0.1159677973738871,0.2166420970857143,0.1114313006377778,0.1356966296391328,0.1203688433062052,2
2012-12-03,-0.0049245421913031,0.2714337334332958,0.1459663998385258,0.1991194967961746,0.1213735968895525,0.1464014927958942,0.1157052817971634,2
2012-12-04,-0.0014139071969039,0.2671454242377512,0.1494154348425399,0.1988158186188774,0.1200542219014641,0.1450721965646243,0.1194969093492909,2
2012-12-05,0.001769324339268,0.243703800380972,0.1529273098489102,0.2169997999259612,0.1124379366621178,0.1429806395978539,0.1309505177005848,2
2012-12-06,0.0033926290150887,0.230289811002367,0.1415898383085914,0.2406142422523225,0.111269097629356,0.1531565279493679,0.1230804868015183,2
2012-12-07,0.0030286108830162,0.2622164425416849,0.1105444218358024,0.2653535273508168,0.0979217020398936,0.1457651938614435,0.1181987174926325,2
2012-12-10,0.0004213601410743,0.2456389928822847,0.1303291314525632,0.2468928071986729,0.1059866026932181,0.1560091867042861,0.1151432819854774,2
2012-12-11,0.0068087708403516,0.2334968333625676,0.1260723264270565,0.2575045603283061,0.1179135367766761,0.1602639709367572,0.1047487755088907,2
2012-12-12,0.0004874416839597,0.242834330546155,0.1320758252357701,0.2687717957889973,0.1221052336195757,0.137544823287862,0.0966679957041589,2
2012-12-13,-0.0061315973081917,0.2380802326001668,0.1335595957352417,0.2622542703305217,0.1369400564421707,0.1249125890231148,0.104253256979103,2
2012-12-14,-0.0037158118187498,0.250984489248658,0.111840247450018,0.2943950153335754,0.1243906367899034,0.1110449344215521,0.1073446785139821,2
2012-12-17,0.0117524345059105,0.2491832248141961,0.1235219421954047,0.2825808523442716,0.1288892016742272,0.1081981786622195,0.1076266009608839,2
2012-12-18,0.0111287930752985,0.2398684448127548,0.1107365032458641,0.2602831028350734,0.1380356170805851,0.1290129527685489,0.1220633791755604,2
2012-12-19,-0.0074297151266152,0.2244386840686,0.0997331521830005,0.271143168025355,0.1447789232053935,0.1378819529937532,0.1220241200526648,2
2012-12-20,0.0057521476674486,0.2129400207188243,0.0907179481759907,0.2846630941509461,0.1529032041569905,0.142352921295474,0.1164228115404689,2
2012-12-21,-0.0090767888190259,0.2348834806231025,0.0707161274695681,0.2926815289255682,0.140814226208713,0.1416982727581489,0.1192063643579421,2
2012-12-24,-0.0030815083864424,0.2150165866649983,0.0919802523373604,0.2969333529663651,0.135687022544758,0.1508347551324658,0.1095480296793491,2
2012-12-26,-0.0042150272801624,0.1995443756002921,0.1250491367138967,0.2729545701508026,0.1430348844884828,0.1543948646541622,0.1050221701024289,2
2012-12-27,-0.001340101752811,0.1967661436796147,0.1296285485670978,0.2660237165137488,0.143734682801762,0.1539931717486011,0.1098537388775335,2
2012-12-28,-0.0108083101402494,0.2189537137860122,0.1153550635164114,0.2654990454966529,0.1289110955507493,0.1520494127678185,0.1192316737154432,2
2012-12-31,0.0169961995376168,0.2297971608494909,0.0990683166686823,0.2692565171954016,0.1126241088767544,0.1456813441842369,0.143572555490834,2
2013-01-02,0.0256302632096354,0.2297169434588074,0.1207119825908689,0.226095110959148,0.1298207369460719,0.1422798422996986,0.1513753876640031,2
2013-01-03,-0.0022591281266326,0.2285642926573653,0.1135636473444289,0.2191703956102614,0.1329353764465033,0.1408263917517677,0.164939899858463,2
2013-01-04,0.0043913035324136,0.2282232020052403,0.1130685895636931,0.2329420914503068,0.115429182363494,0.1353327599142953,0.1750041800844271,2
2013-01-07,-0.0027325162182962,0.2216794030621854,0.1253440400557629,0.2386488342152294,0.1003466097526584,0.1426691642939113,0.1713119527593158,2
2013-01-08,-0.0028774846726297,0.2393988457715345,0.1329764204153362,0.2363686970197447,0.1059557713317085,0.138355736103258,0.1469445352087865,2
2013-01-09,0.0025421437522248,0.248780314314386,0.1470206378453913,0.2209046896239594,0.1047613257093221,0.1341464068827917,0.1443866313825497,2
2013-01-10,0.0079498007965519,0.2564034357757514,0.1427335443203374,0.2049355379708428,0.1132993737461843,0.1368918182299239,0.1457362923998522,2
2013-01-11,-6.828686069193513e-05,0.2783486146805808,0.1119571104936766,0.2223757133213803,0.1088736241334117,0.1251583488640608,0.1532865920476615,2
2013-01-14,-0.0006801212015357,0.2717540601171689,0.1266292471045003,0.2083295957169012,0.115852071436954,0.1335119446407499,0.1439230833141242,2
2013-01-15,0.0006805840811987,0.2588369608876432,0.1214373722919104,0.2236273258512356,0.1237805337110938,0.1291110060497614,0.1432068031994036,2
2013-01-16,-0.000136063226905,0.2514909881373072,0.1238847147675537,0.2288622614550387,0.12179899620022,0.1328743715188194,0.1410886703055926,2
2013-01-17,0.0064604384899475,0.2447473293981651,0.1359986622202982,0.2090917465749645,0.1149544107787248,0.1572310200729135,0.1379768296915914,2
2013-01-18,0.0022300965273178,0.2461205039615977,0.1153114750732625,0.222398061629213,0.1155177145474002,0.1507679633360833,0.1498842787896894,2
2013-01-22,0.0053933316840357,0.247842259817619,0.1616548779303623,0.2100707608087364,0.1176920971299593,0.1384798891904891,0.1242601092136549,2
2013-01-23,0.0016093711732179,0.2587879267598988,0.1577755399315568,0.2154271446539465,0.1170127812425678,0.1177934624427824,0.1332031420437936,2
2013-01-24,0.0002678082060758,0.2588339145372873,0.1642791886852581,0.2167658432038963,0.1159824506242488,0.1180454480901476,0.1260931547163691,2
2013-01-25,0.005622018864998,0.2739348118170164,0.1188997720542829,0.2352043260802747,0.1105325127788819,0.124619738975889,0.1368088391039054,2
2013-01-28,-0.0011982058522614,0.2622225961655426,0.1424506928976049,0.1982981114747365,0.1294802875477734,0.1397401820920901,0.1278081311660706,2
2013-01-29,0.0039317784477486,0.2703200394784149,0.1309234456805867,0.2104364402970662,0.1343762399999804,0.1437893316266388,0.1101545054986261,2
2013-01-30,-0.0039163801088434,0.277012372469348,0.1238520064909832,0.1971890087472405,0.118304706587075,0.1523771464452408,0.1312647601848355,2
2013-01-31,-0.0024656397625165,0.2920307518037084,0.1275984739146085,0.1984476267825942,0.1133687613227784,0.1366205647285357,0.1319338219144036,2
2013-02-01,0.0102872529183475,0.3266049073310568,0.1084524247562512,0.1994391880463808,0.1074657528952229,0.133485733316047,0.1245519925432744,2
2013-02-04,-0.0112406805243889,0.3114104924820887,0.1385484626863736,0.1732621387281984,0.1137736511189765,0.1356453032772494,0.1273599479760316,2
2013-02-05,0.0100982415546464,0.3100317796533519,0.1476557832360386,0.1789366693102353,0.1247937899635913,0.127454699718344,0.1111272744496393,2
2013-02-06,0.0007281232924229,0.3101865930044615,0.1478344506640106,0.1848569670383882,0.1196890135674081,0.1247207331940969,0.1127122394402552,2
2013-02-07,-0.001323184660819,0.2997343491208331,0.1345737379111934,0.1921225975739368,0.1204779555642786,0.1354532828157041,0.1176380754244321,2
2013-02-08,0.0055640424162408,0.3165221176878549,0.1091221631062216,0.2187737423332873,0.1122363417898304,0.1234866604785201,0.1198589713993714,2
2013-02-11,-0.0001971688392905,0.3053450617549513,0.1281006989911061,0.1991436564107174,0.1297521243025306,0.1246581566244956,0.1130002989110767,2
2013-02-12,0.0016471126478594,0.3112610398914237,0.1266581427565638,0.1788531689427076,0.1373674775301236,0.1277375662971415,0.1181225999965796,2
2013-02-13,0.0008552359866706,0.3145969638886434,0.1285934552565545,0.192900449609126,0.1309588775203786,0.1047609739714196,0.1281892751620149,2
2013-02-14,0.0009200141067153,0.3004420741118063,0.1244658485349596,0.1870923941454133,0.1333426235548443,0.101577552144731,0.1530795065642565,2
2013-02-15,-0.0011820300558297,0.2966483546071685,0.1034738334000576,0.194530228357762,0.1195585097884758,0.1067232416721526,0.1790658326010452,2
2013-02-19,0.0074945471300231,0.2495385651943258,0.1462543074580965,0.1729211766058285,0.1404794338409189,0.1301646315196701,0.1606418889994672,2
2013-02-20,-0.0124628046133722,0.2517048860831171,0.148182294089732,0.1824257736683063,0.1349225160816783,0.1345205663174563,0.1482439661189853,2
2013-02-21,-0.0060790296587592,0.2569343178906463,0.147968745647616,0.2081396162202288,0.135632625143007,0.127616794652509,0.1237079013716135,2
2013-02-22,0.0097724552754663,0.2842217775434255,0.1113563766679726,0.2185810730548109,0.1123249027295969,0.1253575680841458,0.1481583014334319,2
2013-02-25,-0.0190270857664661,0.2715968044915424,0.1349896067428141,0.2140138042014403,0.1151896854165376,0.1237884338957,0.140421664780324,2
2013-02-26,0.0068456202198234,0.275641489475798,0.1444040070090647,0.1951839060849123,0.1235146231100795,0.1277862983144796,0.1334696768076081,2
2013-02-27,0.0125987643613894,0.2797560838724674,0.1405891439971252,0.1859977896325834,0.1152425656352558,0.1346969664941052,0.1437174504218545,2
2013-02-28,-0.0019751030202713,0.2779361753978954,0.1345962213038671,0.1870482537686437,0.1205986582209722,0.141096198937178,0.1387244916774488,2
2013-03-01,0.0032976385927527,0.2851892740116454,0.1112154576252214,0.2023049832967808,0.1202340424718567,0.1427915485471021,0.1382646944338921,2
2013-03-04,0.0053250845337773,0.271512691153269,0.129974592121999,0.1999447050350439,0.1242992028257107,0.1458739711365526,0.128394836019516,2
2013-03-05,0.0089585926618105,0.2721032431144823,0.1270469250390132,0.1790444891454839,0.136218153063743,0.1479909228764338,0.137596264215909,2
2013-03-06,0.0013618100931762,0.280572209316827,0.1292746720858675,0.1873182867697627,0.1309941235860573,0.149357978864373,0.1224827267786265,2
2013-03-07,0.0018116692778868,0.2865094526280273,0.1323894156364084,0.1886050678041951,0.1282425504900278,0.1451732387083213,0.1190802731036917,2
2013-03-08,0.0042644489309551,0.3056118316529318,0.1099710251332726,0.1939564992149825,0.1255518497852608,0.1440284474601503,0.120880347204511,2
2013-03-11,0.0037955780759226,0.2873292257842818,0.13731755695152,0.2011868167285508,0.1282698547625518,0.144625416804865,0.1012711326201568,2
2013-03-12,-0.0022432082103405,0.2664257488815325,0.1324168292848384,0.2014057615901044,0.1365017659386689,0.1503395466628168,0.1129103503213153,2
2013-03-13,0.0014131217695887,0.2533874207801396,0.1243168223901642,0.2016502581898755,0.1343750050263083,0.1586356444836743,0.1276348535879405,2
2013-03-14,0.005323986540805,0.2334058577493975,0.1200934288251204,0.2195837474149818,0.1317828906077961,0.1670890663808128,0.1280450122686924,2
2013-03-15,-0.001319878020272,0.2319096902385354,0.0939616569387726,0.2390794643550179,0.1339061517489608,0.1605007782828761,0.1406422602501697,2
2013-03-18,-0.0055190419064868,0.2297353278935406,0.1187742110925682,0.2241297632405803,0.1374562148429322,0.161333755740361,0.1285707328529133,2
2013-03-19,-0.0023232650533369,0.2389193119291666,0.1241092643120282,0.2180678735914443,0.1389717592351007,0.1549817996357342,0.1249499924355222,2
2013-03-20,0.0069857178732142,0.2563425489698056,0.1267791207020127,0.2042589402823977,0.1308755954977459,0.1495992230707088,0.1321445714742912,2
2013-03-21,-0.0085427539484349,0.2805769944304119,0.1351985620767299,0.2002574504570838,0.120299085634142,0.1494724355267135,0.1141954725034338,2
2013-03-22,0.0080331728403995,0.2996329316264018,0.1179496868432033,0.2077364106813911,0.1055609285482205,0.1419670345768099,0.1271530075802001,2
2013-03-25,-0.0041773940620851,0.28829032700459,0.140627629845794,0.1948696146504798,0.1125436688035879,0.1456390511650248,0.1180297094716744,2
2013-03-26,0.0080025237907062,0.2909109700407971,0.1413581080331185,0.205081349692874,0.1121927346256015,0.1374108660172793,0.1130459709662764,2
2013-03-27,0.0,0.2783873909834911,0.1330960202651747,0.2052001950762778,0.1035507598672447,0.146797607212619,0.1329680233401532,2
2013-03-28,0.0030732878088286,0.2852558744169911,0.1228256828039136,0.2137003865885626,0.1069629954059528,0.1433107952434226,0.1279442615864619,2
2013-04-01,-0.0039569088016323,0.2782069465457746,0.118942807880319,0.1983426907556468,0.1257567632739087,0.1436140304018622,0.1351367586000976,2
2013-04-02,0.0049338383050119,0.2869792582197399,0.1160672606714958,0.2091977113848889,0.1334491223882073,0.1327434770519025,0.1215631691983123,2
2013-04-03,-0.0101390715836994,0.2816267602690779,0.1190166125656994,0.2022880948267748,0.1373597957629831,0.1277877751645278,0.131920958610104,2
2013-04-04,0.0040585210555355,0.2795543167726421,0.1171449160506905,0.19570435651139,0.1477690604741805,0.1275777452299948,0.1322496030275631,2
2013-04-05,-0.0044913214360338,0.2973181706736795,0.096421759952791,0.2130993432609829,0.1337198496586642,0.1331389250612119,0.1263019483163952,2
2013-04-08,0.0067675605688086,0.2812174556737895,0.1227219719465193,0.188706832858824,0.1380930699451371,0.1377750348072325,0.1314856324237482,2
2013-04-09,0.0034565939947936,0.2649647527731154,0.1206508704265416,0.1804931290064443,0.1392374459278314,0.1611603615036759,0.1334934372557038,2
2013-04-10,0.0122490509873052,0.2575243873412851,0.1190985680827708,0.2053529942467313,0.1230987039484559,0.1559324257418805,0.1389929138918816,2
2013-04-11,0.0032772661806661,0.2412946070295888,0.115130949847151,0.1951059305994742,0.1257303594422071,0.152207609850989,0.1705305374352903,2
2013-04-12,-0.0024504136526068,0.2550520330737345,0.0973278516309801,0.1976149303722195,0.123168607080588,0.147629325618036,0.1792072413821005,2
2013-04-15,-0.0231736626966087,0.2628579236371748,0.1214964578311251,0.1949846489573012,0.1258296339560629,0.1316602444455467,0.1631710830152571,2
2013-04-16,0.0147631834640764,0.2697820786098324,0.1270819054484659,0.1786530499669372,0.1373279754686964,0.1372972816402299,0.1498577039184585,2
2013-04-17,-0.0146118048611607,0.2691122045941025,0.1409759774756444,0.1949341621409751,0.1237154174826437,0.1419328789237162,0.1293293583255565,2
2013-04-18,-0.0062534084087464,0.2519940957208469,0.1459748304948502,0.2043197759621892,0.1223428312919432,0.1420350936403239,0.1333333774012118,2
2013-04-19,0.0086929728690785,0.2550210983457509,0.1281863780843559,0.22243496952462,0.1244939333526417,0.1265957206109305,0.1432679032161831,2
2013-04-22,0.0044379266684109,0.2371553533402966,0.1431684630943725,0.2124293453468724,0.1293902779695665,0.1239812521480927,0.1538753099290255,2
2013-04-23,0.0103098768784981,0.2458459456166947,0.1279551493699925,0.1979068229581478,0.1413184640835126,0.1281916628098553,0.1587819546832537,2
2013-04-24,0.0006334389306079,0.2689002363821255,0.1272019009534067,0.1786693998241115,0.1335665157471405,0.1415233096214216,0.150138635747607,2
2013-04-25,0.0040539135002013,0.2781778154412513,0.1236314511727339,0.1765399861790955,0.1170832955091347,0.156146132736627,0.1484213193353565,2
2013-04-26,-0.0017666100203128,0.3091080868127756,0.101096698231995,0.1916800254560075,0.1007407680375035,0.1508438104693777,0.1465306112496182,2
2013-04-29,0.0066987846627248,0.2986810438693273,0.1145944364010502,0.199093368139758,0.1031956566713883,0.1452375081196574,0.1391979864290456,2
2013-04-30,0.0023848177690692,0.2999551673126179,0.1102049710999854,0.2092183601799768,0.1066025992280005,0.1337679599106692,0.1402509400142131,2
2013-05-01,-0.0087669228983622,0.3079630153658572,0.105408949395889,0.2200558968379043,0.106114761485452,0.1298872984984105,0.1305700766305213,2
2013-05-02,0.0092869792228305,0.2946482215854112,0.1080743674098194,0.2276421786054849,0.1058294586983642,0.1347239212497284,0.1290818498864078,2
2013-05-03,0.0101409494179367,0.3043842749705072,0.0933159758633701,0.2351202112017199,0.0959172170079545,0.1282511113362852,0.1430112068442394,2
2013-05-06,0.0025409447140236,0.2744235077606517,0.1134219738103307,0.2296368810693431,0.1032539564884255,0.1396590719413085,0.1396046081450776,2
2013-05-07,0.0050690093555201,0.2531902773062702,0.119499275293932,0.2212670052489895,0.1177548301476972,0.1413475867826797,0.1469410223243766,2
2013-05-08,0.0045507785461358,0.2597937865894291,0.1294657464216321,0.219450647173978,0.1138043297106387,0.1358189791336496,0.1416665085199064,2
2013-05-09,-0.0028163241960061,0.2710406543432272,0.1360203354434666,0.2124264443137847,0.1143668186915792,0.1457716642495085,0.1203740816764774,2
2013-05-10,0.0032538311925975,0.2906503642280585,0.1160255112661979,0.2391317935404367,0.1140824196580796,0.1292263653042027,0.1108835440059192,2
2013-05-13,0.0007956528685189,0.2865337127679284,0.1380788258428388,0.2359770265099275,0.105034731135744,0.1312604275678092,0.1031152759567307,2
2013-05-14,0.0103338678069597,0.2944056545639666,0.1326106488739774,0.2134566531103252,0.1179047468647299,0.1273728238576364,0.1142494749515721,2
2013-05-15,0.0053861512655053,0.3129563434630888,0.1348185876768716,0.1921831447182837,0.12566338940807,0.1201074272994225,0.1142711089282933,2
2013-05-16,-0.0046951223074206,0.3171761183556425,0.1348153049929701,0.1579815736802908,0.1284739085303558,0.1235907136946258,0.1379623840864919,2
2013-05-17,0.0096766765097537,0.3223754145251587,0.1166648052621167,0.1555382770206778,0.127727936413139,0.1229596435267012,0.1547339233878301,2
2013-05-20,-5.983975938261832e-05,0.3046209006025104,0.1488611485535621,0.1476212010359751,0.1255724378599442,0.1289107369408801,0.1444135743642186,2
2013-05-21,0.0014379499791745,0.2802224736325091,0.1413454349927015,0.1781127796533411,0.1267746338253963,0.1291954474510483,0.1443492304825417,2
2013-05-22,-0.0074175452998177,0.269737925046554,0.1442146250855985,0.1930533466990465,0.1307557538867584,0.1205987905924765,0.1416395575152204,2
2013-05-23,-0.0028930018207976,0.2783844306193871,0.1440514677489519,0.1860060772767184,0.1366946810885455,0.1162325871938,0.1386307579652133,2
2013-05-24,-0.0008462212048451,0.2803840180416591,0.1081296307605225,0.2101627115532755,0.1349324068648274,0.1224969081493327,0.1438943268847651,2
2013-05-28,0.0059888799977163,0.2698356482693886,0.137434793830751,0.1771565983803607,0.1263866642887091,0.1458987000862555,0.1432875963030834,2
2013-05-29,-0.0064940860189217,0.2590584143861157,0.1290428503243202,0.1786349711763337,0.1286590148416667,0.1529461382077727,0.1516586110570221,2
2013-05-30,0.0036917941536842,0.2515984251727311,0.1332119391021734,0.1880736840863842,0.1275233271824049,0.1459046875823708,0.1536879359841566,2
2013-05-31,-0.0143517622351191,0.2617637612554244,0.1042407617368735,0.1965502727159764,0.1204923599225002,0.1500225421146023,0.1669303032301831,2
2013-06-03,0.0055063899734808,0.2458232531811471,0.1312634292500837,0.1913269486679928,0.1280790173414448,0.1483092951254295,0.155198057178068,2
2013-06-04,-0.0048069308535517,0.2555250822238984,0.1321297558129111,0.1932830631366232,0.123176578655914,0.1456462807176942,0.1502392385550868,2
2013-06-05,-0.0140013711345806,0.2802829701964172,0.1304754859732741,0.1817295440781162,0.1192777567683538,0.1421568759604199,0.1460773684945982,2
2013-06-06,0.0090533267385983,0.2714137172976869,0.1434307121124396,0.1928577465348643,0.1172004889453114,0.1285695166225852,0.1465278162778215,2
2013-06-07,0.0127202669635422,0.2862223604577593,0.1262845449277665,0.2068123604333959,0.1129015256674028,0.1177839379711076,0.1499952674738596,2
2013-06-10,0.0,0.2591445414959226,0.1589861188816643,0.2012602729910158,0.130377064421278,0.1165816886522943,0.1336503114713957,2
2013-06-11,-0.0103151323207055,0.238012341778237,0.1567680969100251,0.2129307518865552,0.134334967963601,0.1164565512192339,0.1414972879428784,2
2013-06-12,-0.0082775426739337,0.2440529244909767,0.1373041686380087,0.2284467505408556,0.1351754730888349,0.1145919177521855,0.1404287658317149,2
2013-06-13,0.0152091469452892,0.2427789656263549,0.1346940561057339,0.2294435844315321,0.137145443140267,0.1211730859542867,0.1347648656804482,2
2013-06-14,-0.006272449403601,0.251599709780421,0.1010800145997199,0.2777536278811748,0.1235174720955546,0.1108706466417061,0.1351785321813076,2
2013-06-17,0.0077212342454042,0.2514720369522214,0.1156319568740644,0.2634793767334023,0.126451980382648,0.1230949619467606,0.1198696885818602,2
2013-06-18,0.007905650131271,0.2600129286777913,0.1267358631085579,0.2428371378594139,0.1374388504617164,0.1257045798699141,0.1072706407147446,2
2013-06-19,-0.0138166378274717,0.2502691844590693,0.1326246946762756,0.2539263388340888,0.1217945962790182,0.1355088008116468,0.1058763856238905,2
2013-06-20,-0.0247785802594173,0.2596874954780317,0.1333113179045238,0.2120084174083141,0.1295893017127893,0.1515800962343815,0.1138233697521021,2
2013-06-21,0.0032105705368452,0.2732751498557627,0.1201269622589461,0.2032970249082427,0.1347894585342146,0.150085481716087,0.1184259218373335,2
2013-06-24,-0.0126363223900999,0.2606151580547854,0.1357846362772787,0.1956170359921994,0.1323510852798846,0.1563994327009149,0.119232650681487,2
2013-06-25,0.0096147559786574,0.2876056028313876,0.1204652696312794,0.1768974276170953,0.1438265956326415,0.1475240519883536,0.1236810524761395,2
2013-06-26,0.0099006851859755,0.2978591982012555,0.1272465592297183,0.1746800583640466,0.1353487931360052,0.1404529811158736,0.1244124103057847,2
2013-06-27,0.0058697985496767,0.2854029916150436,0.1252301657677551,0.1754218710707387,0.139943961224568,0.1240139768152457,0.1499870323255609,2
2013-06-28,-0.0040972901059768,0.2951396856480278,0.1066708264092448,0.1788721946603618,0.1345272572955582,0.125116123832995,0.1596739113354123,2
2013-07-01,0.0058597893430272,0.2745505752859222,0.1304749266567629,0.1632833120918298,0.1489760512582801,0.1274656498763305,0.1552494840156864,2
2013-07-02,-0.000929847482491,0.2658279983981097,0.1236792534237717,0.1779339696296888,0.1471537527154509,0.1216531983733237,0.1637518252387521,2
2013-07-03,0.0004341839683734,0.2825100880654114,0.124386524673038,0.1863035320925923,0.136967572593487,0.1329778284561415,0.13685445280472,2
2013-07-05,0.0107886266881433,0.2569009631398736,0.1522013448902567,0.183255686254826,0.1527401750001393,0.1353664498985345,0.1195353807782041,2
2013-07-08,0.0057047961319685,0.2475245312551061,0.1714413720066899,0.1630100709804254,0.1645026691630999,0.1440511267917361,0.1094702324561845,2
2013-07-09,0.0071977387837085,0.2487010589727225,0.1760440115002224,0.1610011121990545,0.1645114667690875,0.1293991962814368,0.1203431579359645,2
2013-07-10,0.0003631264777086,0.2542252578673747,0.1535753507433071,0.1766752636952469,0.152610560278308,0.1352268570284104,0.1276867141013155,2
2013-07-11,0.0136207789695923,0.2565667867268789,0.1276904746806792,0.2016586677588175,0.134663139013412,0.1326085848937806,0.1468123497522986,2
2013-07-12,0.000417916015498,0.2706171541730873,0.1091773446428123,0.2120686581812333,0.1356778415699954,0.1287795659259427,0.1436794403975363,2
2013-07-15,0.003820464064745,0.2480640882126069,0.1286977711019292,0.2072069271487595,0.1324623624845285,0.1428240309738159,0.1407448226096996,2
2013-07-16,-0.0037464895304173,0.2682084714796408,0.1257689754119794,0.2010977152487209,0.1394688487208791,0.1266936172382977,0.1387623717728958,2
2013-07-17,0.0025667476413762,0.2655490990577279,0.1269313825086876,0.1935439235539121,0.1397792510331951,0.1293211323716516,0.1448752115329218,2
2013-07-18,0.0054779455974085,0.2676515387080623,0.127948112572981,0.1978813579093144,0.1327210532203194,0.1324931071437733,0.1413048276858127,2
2013-07-19,0.0017767667239345,0.2864830411178991,0.10400716511067,0.201208135287743,0.1352963763044681,0.1336688178684562,0.1393364649062277,2
2013-07-22,0.0019502832727433,0.2717031269609757,0.1314197306930593,0.1886784494504448,0.1358663823160909,0.1425452576328298,0.1297870555567348,2
2013-07-23,-0.0021238160526725,0.2793449726929717,0.1343918422658036,0.1994480511370696,0.1366201948999528,0.1295962566225553,0.1205986852956263,2
2013-07-24,-0.0036656980101359,0.2690552378884346,0.1441195266823789,0.1867748029540874,0.1367511746516552,0.1371179281030545,0.1261813308642737,2
2013-07-25,0.002432797342927,0.2671755264858544,0.1474098192681132,0.1920976906816125,0.128138269630364,0.1416363722412844,0.1235423188977435,2
2013-07-26,0.0010655472929888,0.2731455414602532,0.1197621628548949,0.2111520577513146,0.1251588827290106,0.1406811306643066,0.1301002211682498,2
2013-07-29,-0.0030744861968228,0.2711226819137543,0.1390105338774137,0.1913134635489353,0.1366319161749492,0.1349169497756382,0.1270044516557396,2
2013-07-30,0.0,0.281095916007968,0.1313713425509613,0.2005968728806277,0.1383129569378728,0.1169394047703689,0.131683506194459,2
2013-07-31,0.0007119094216794,0.2882959194349557,0.1247846667242683,0.2011081336921,0.1440074985744944,0.105755857996978,0.1360479256651166,2
2013-08-01,0.0115580263498453,0.3017234033004813,0.1233837541281227,0.1908893294509419,0.1456520329942508,0.1059732195758123,0.1323782626778853,2
2013-08-02,0.0016992380767744,0.3232371501182206,0.0977310577139723,0.2029417857760563,0.1421339533117133,0.1020152518007671,0.1319408009765902,2
2013-08-05,-0.0014624022126473,0.308026748810294,0.117271556817813,0.1840760010751232,0.1546742667245235,0.1107004687323976,0.1252509574640561,2
2013-08-06,-0.005682426148807,0.3008773442109628,0.1241453559297399,0.1735583359389833,0.1699778006411179,0.1184217315301109,0.1130194302824811,2
2013-08-07,-0.0032407892711932,0.3039860588320112,0.127740491350068,0.1710897144200548,0.1620754317484352,0.1152544342470398,0.1198538651878033,2
2013-08-08,0.0036650560140807,0.2972675081466837,0.1324709033403808,0.1672438537203974,0.1600182936316378,0.1213404588063756,0.1216589788768459,2
2013-08-09,-0.002885979401531,0.3096829717676155,0.1198896029486786,0.1820231712132226,0.1525465085799805,0.113678006104892,0.1221797331870765,2
2013-08-12,-0.0011813213717324,0.2951935920369855,0.1355807490968182,0.179830887904483,0.1378361331637844,0.112276158248673,0.1392824741925707,2
2013-08-13,0.0029570761702304,0.2954435207083865,0.1262376681990026,0.1718879321649197,0.1444703870605573,0.1251621142235983,0.1367983762135392,2
2013-08-14,-0.005130053038075,0.2834426194284155,0.1267710250390264,0.172626865927688,0.1373464010552399,0.1367174402120456,0.1430956473860553,2
2013-08-15,-0.0139854947043455,0.2760895134316801,0.1129798757012504,0.1927948622511226,0.1320315070242051,0.1361143637235675,0.1499898794259772,2
2013-08-16,-0.0033058138935648,0.2763271935284137,0.0906399115396197,0.2025897882285062,0.1410413690737914,0.1446603503834921,0.1447413873445475,2
2013-08-19,-0.0063920379965694,0.2468882824662141,0.1170124087948351,0.2079081489178351,0.146203211918706,0.136784455573419,0.1452034933302784,2
2013-08-20,0.004916021554908,0.2501507912012748,0.1277279698965139,0.203873185462784,0.1529933948700781,0.1190795982009731,0.1461750625966815,2
2013-08-21,-0.0061604903060754,0.2698916745111346,0.1406916917394846,0.1761909808600321,0.149148046399001,0.1256828202694886,0.1383947879555634,2
2013-08-22,0.0091153634649101,0.2855546047487296,0.1519526808394584,0.1811944189060013,0.1359738104245625,0.1124849609417142,0.1328395266716834,2
2013-08-23,0.0033725949786871,0.3240879151388071,0.1330615447007585,0.1881436222838237,0.114905244661495,0.1154106941277859,0.1243909813347272,2
2013-08-26,-0.0037212516892061,0.3268139835628381,0.1415521151012035,0.1783723824333079,0.1171134893401491,0.1215091693308321,0.1146388621243458,2
2013-08-27,-0.0160837947256354,0.3195086285280695,0.1348182769991218,0.1850931848331034,0.116712427590132,0.1224025687720976,0.1214649158063621,2
2013-08-28,0.0035505292766273,0.3199419684842861,0.1307808141501846,0.1735676068616245,0.1187326000878553,0.1289677598502137,0.1280092528467575,2
2013-08-29,0.0015861845817224,0.2867632153974546,0.1296146945979672,0.1818478349190351,0.1334000509689528,0.1292423852195614,0.1391318180609305,2
2013-08-30,-0.0031674604629498,0.3000115848402492,0.1042915078310761,0.1911628200067207,0.1280508344445843,0.1309876620757858,0.1454955896787577,2
2013-09-03,0.0045218404686446,0.2703910096264444,0.1273501163942273,0.1932586900845635,0.1367951451779808,0.1339348785926122,0.1382701582694425,2
2013-09-04,0.0082732181533662,0.2809349519009702,0.1262968013714998,0.1975822326426859,0.1342478795724455,0.1321552725634537,0.1287828621233347,2
2013-09-05,0.0012666457081642,0.2817654925649985,0.1373920331255066,0.1984127596139441,0.1306758063090964,0.125640466529061,0.1261134402820607,2
2013-09-06,0.0004824317846587,0.2953237206535414,0.1060612666339147,0.218077467426192,0.1152277382230385,0.1197274184634443,0.1455823855759808,2
2013-09-09,0.0095759280709331,0.2961991714090749,0.1273360225585891,0.2005924918726051,0.1180800302671164,0.1252780171173566,0.1325142632887311,2
2013-09-10,0.0073972100350574,0.2913432862084067,0.1311034795657868,0.1965022840492858,0.1138872580248758,0.1273946676721738,0.139769021217626,2
2013-09-11,0.0031382596204543,0.2825199204786389,0.1223368133469155,0.2099961757173261,0.1123983412545535,0.1318350367712031,0.1409137104908315,2
2013-09-12,-0.0026561419147619,0.2914749611528299,0.1244140472581746,0.1998349037966656,0.1097759579548042,0.1324944914584688,0.1420056385735826,2
2013-09-13,0.0022491469071821,0.3004809627868234,0.0958595801470801,0.2069397626328281,0.1219238912558648,0.1334670491510768,0.1413287556037539,2
2013-09-16,0.0057868617335747,0.2870639834393754,0.1164553334749168,0.1929498836735462,0.1351320844470391,0.1351909796056605,0.1332077366756523,2
2013-09-17,0.0044632651385096,0.2901955126672058,0.1090969983463971,0.2022498888033175,0.1362758208812082,0.1318634089037112,0.130318373603189,2
2013-09-18,0.0115738371643374,0.2796263880239806,0.1118418807383957,0.2210184779367142,0.1442060941586604,0.1185323976615944,0.1247747640908013,2
2013-09-19,-0.0016757701422189,0.280706854844839,0.1296817164727351,0.2183945540187147,0.1298249736068172,0.1070887694602168,0.1343031347149765,2
2013-09-20,-0.0069914118471086,0.2905208636890165,0.1029464717290829,0.2243417058943305,0.127613130416721,0.1049429316876921,0.1496348998125176,2
2013-09-23,-0.0046275578339913,0.2842467968845605,0.1314747692565785,0.18586022859389,0.1304797692132004,0.1181717430337343,0.1497666938682739,2
2013-09-24,-0.0023536881430825,0.2920807233457319,0.1310311734993362,0.1710157407268047,0.1306606918271453,0.1330141692064248,0.1421975035713474,2
2013-09-25,-0.0028905536139031,0.3033406137772702,0.1228903101107922,0.1715129974700607,0.1275683720736586,0.1301175614367716,0.1445701468897239,2
2013-09-26,0.0038450755576791,0.3062270692461036,0.1414103163839669,0.1761321013113115,0.1078162869439282,0.1319695324913377,0.1364446949241171,2
2013-09-27,-0.0045964836994051,0.3019525818992405,0.1141847061086445,0.2065378802956547,0.1123631187994032,0.1198955453088273,0.1450661684293299,2
2013-09-30,-0.0053281685708531,0.2840065246963654,0.1352688739457865,0.1988762863596602,0.1235634934963724,0.1132654152459956,0.1450194066256764,2
2013-10-01,0.0079161142349244,0.2681274726105634,0.1303993120437719,0.2074179478384721,0.1283283784115753,0.1241342659537706,0.141592623434287,2
2013-10-02,-0.000944799946342,0.2606784789477255,0.1176200922925257,0.2025812326661943,0.1460845548430058,0.1264269602623328,0.1466086801945013,2
2013-10-03,-0.0092206780201093,0.2587116075543467,0.1143799477882915,0.2015955987222659,0.1474766392543512,0.1326252301542347,0.1452109763183645,2
2013-10-04,0.0075765109842722,0.2815291115455329,0.0905518361495341,0.2192125819530337,0.1317755186452995,0.127062624830869,0.149868327557342,2
2013-10-07,-0.0086454122926391,0.2661868518872586,0.1189947500275796,0.2101854598122509,0.1384538573350498,0.1310823669105928,0.1350967129631611,2
2013-10-08,-0.0116461555907756,0.2693695191086669,0.1129568871131981,0.2171012828355515,0.1322442643773017,0.1269618958172549,0.1413661525710198,2
2013-10-09,0.0007250719522933,0.27233998454897,0.1151788525211507,0.2008147301765484,0.1288385534715114,0.1279686172319969,0.1548592628035406,2
2013-10-10,0.0215582756700776,0.2551966505919051,0.1131001658735679,0.1956931178605509,0.1339361881974826,0.1473962122244455,0.1546776661198531,2
2013-10-11,0.0064432090049044,0.2768959316192194,0.0804711183451581,0.1934312253305688,0.1244286229647695,0.1545051703130593,0.1702679327473742,2
2013-10-14,0.0039937573479327,0.2710003928695129,0.1069519365446655,0.1821801675305584,0.1320774783109552,0.1547003867594437,0.1530896376525691,2
2013-10-15,-0.0072543799827375,0.2726124909188854,0.1045689342748853,0.186334787787299,0.1337800186648271,0.1559316438943759,0.1467721264889172,2
2013-10-16,0.0139663452680165,0.2823815823201345,0.1101435696119922,0.1939864883731467,0.1209824292230657,0.1472295125266217,0.1452764172949303,2
2013-10-17,0.0066830501795254,0.2827171124116773,0.1294498379896874,0.1832561585944028,0.1181223956760257,0.1499288107182044,0.1365256858044943,2
2013-10-18,0.0067547090656834,0.2999496032157912,0.1017248355888295,0.1842286184069234,0.1142214489297475,0.1485080051503609,0.1513674912753049,2
2013-10-21,5.724550404062612e-05,0.286356886156326,0.1313574181718781,0.1801169758358085,0.1160380090163122,0.1546201798756002,0.1315105327082044,2
2013-10-22,0.0057911853234384,0.2833838218091558,0.1291923717724188,0.1834089882332411,0.1262699279440599,0.1453237716183858,0.1324211209223783,2
2013-10-23,-0.0047888224442816,0.2791182417505922,0.1138106289902265,0.2035676657395017,0.1239976837097234,0.1339743214897672,0.145531458699558,2
2013-10-24,0.0033229667531764,0.2677305379639881,0.1167470832227758,0.2157196234327786,0.1274661524787112,0.1399030961008603,0.1324335080417283,2
2013-10-25,0.0045672952836519,0.2752229843568056,0.0923937477148137,0.2177886532491538,0.1265611256868578,0.1350617438787594,0.1529717461799736,2
2013-10-28,0.0015912319522459,0.2489506324876867,0.1065295927318609,0.1995752902758193,0.1426898708827224,0.1443100939406693,0.1579445221632601,2
2013-10-29,0.005333765709347,0.2390326117312372,0.1139751773361446,0.1967083749790562,0.1545157104274853,0.1434439759481145,0.1523241514779044,2
2013-10-30,-0.0049666397581872,0.2484141931457281,0.1106388014111532,0.1943459483560526,0.1534274813309906,0.1384115167434472,0.1547620601756613,2
2013-10-31,-0.0028364479555553,0.2519963469899095,0.1040396613906002,0.2147720361906921,0.1473903062518815,0.137699791665739,0.1441018592504667,2
2013-11-01,0.0023893422413721,0.2649824703042395,0.0850743992545176,0.2198823931731749,0.13810628602223,0.1450220267858821,0.1469324264710303,2
2013-11-04,0.0035182281803951,0.2486688244293498,0.1101529331429057,0.2075793793279102,0.141715204995057,0.1529677386380453,0.1389159222049798,2
2013-11-05,-0.0031665208407497,0.2310488647359477,0.1132558522029441,0.2091546302934533,0.13305465683567,0.1637073658152903,0.1497786341943006,2
2013-11-06,0.0051054804572556,0.2379852603233473,0.1183433692826085,0.2083449338882586,0.1328145400049876,0.1530938060036814,0.1494180935974159,2
2013-11-07,-0.0126432642632748,0.2338339090600664,0.1154876956884411,0.2199765738431254,0.1299681898170862,0.1539704789729976,0.1467631543192706,2
2013-11-08,0.0134912811247076,0.240382861897815,0.0941628323809709,0.2412810707394964,0.1166751454723998,0.1578985310991993,0.1495995593006955,2
2013-11-11,0.0001695648335284,0.2461635145872631,0.1228028213968666,0.2241518598732571,0.1190849204950998,0.1525520647845197,0.1352448175394757,2
2013-11-12,-0.0020303964605624,0.2327990985826389,0.1319792477695903,0.2172010598956174,0.1230251087605054,0.1629018523158239,0.1320936310292537,2
2013-11-13,0.0080238974472184,0.2439180407791198,0.1379197303557469,0.2148002822832703,0.127926357490526,0.1495892658420572,0.1258463242959779,2
2013-11-14,0.0049897605054343,0.2481481407654271,0.1364570850986222,0.2236839808426364,0.1289439195076036,0.1403889491838136,0.1223779263430125,2
2013-11-15,0.0043509562647465,0.2522458987054414,0.1150830500258598,0.2272859000775497,0.1225721000990597,0.144599705338478,0.1382133487431565,2
2013-11-18,-0.003499162766096,0.2471683398244519,0.1239189988595604,0.2111651587164675,0.1234270082785186,0.1520583403253354,0.1422621571909197,2
2013-11-19,-0.0021734497517692,0.2434332404315088,0.1180579899134751,0.218293529182411,0.1131578597145525,0.1562771689196475,0.1507802138497148,2
2013-11-20,-0.003128344724356,0.2413981596572872,0.1161819243919741,0.2152631917483818,0.1199449341568069,0.1507762871068794,0.1564355051030664,2
2013-11-21,0.0080684134931043,0.2349379612115759,0.1046212596737019,0.2378869101293099,0.1327658453401781,0.1441191799615867,0.1456688415499896,2
2013-11-22,0.0050028158113855,0.2434226215607486,0.08649668344995,0.2746791742765344,0.1231897054589353,0.1251344069000333,0.1470774068462196,2
2013-11-25,-0.0009958116323174,0.2378968509028058,0.1118788083694755,0.2569925937175073,0.1295457274298303,0.1253106577317741,0.1383753595831292,2
2013-11-26,0.0002769653853749,0.233272809961098,0.1031467970268215,0.2690703852104277,0.1389113600395273,0.1175921690564648,0.1380064750647359,2
2013-11-27,0.0024354946289222,0.2239298243888046,0.1027816762373196,0.2945240360663526,0.1276821222534988,0.1067131172721785,0.1443692240495654,2
2013-11-29,-0.0006625647485186,0.2167919119955816,0.1095603286004533,0.2927556073465798,0.1451130567493824,0.118067565890691,0.117711531377124,2
2013-12-02,-0.0025964449205576,0.2098162862879348,0.1386352533658041,0.2659737458012042,0.1356369283259161,0.1377637028265796,0.1121740866362443,2
2013-12-03,-0.0043209012866087,0.2024717561073725,0.143102406683332,0.2419384664939225,0.1398686883231173,0.1522728650018159,0.1203458190456359,2
2013-12-04,-0.0001110769962684,0.2080387439174857,0.1383695777645457,0.218971644822197,0.1381863852346378,0.1523200434355825,0.1441136030590342,2
2013-12-05,-0.0043957840549074,0.2012717782697919,0.1122899402831314,0.2371827198755023,0.1287051275316663,0.161749328108779,0.1588011020321898,2
2013-12-06,0.0111774554875481,0.1967221175692975,0.0812951644603162,0.2607389950740616,0.1349589384178398,0.1592308826552471,0.1670538996433606,2
2013-12-09,0.0025419235734418,0.1961414886529296,0.1183966523459906,0.2476540481858639,0.1375274258545558,0.154521487952691,0.1457588950804818,2
2013-12-10,-0.0035836037667297,0.1863013259677887,0.1149413916729184,0.2629542060581255,0.1460359945342369,0.156290478144322,0.1334766022760338,2
2013-12-11,-0.0112304928180098,0.2096135916800909,0.1199913831385578,0.2520458553836899,0.1439523363202768,0.1461334314345303,0.1282634048069046,2
2013-12-12,-0.0033012413565453,0.2276232301660553,0.1206812883300966,0.2443508161605089,0.1345818541916977,0.1484041569873378,0.1243586544446331,2
2013-12-13,-0.0001124043901792,0.2334607869037426,0.0805771479615941,0.2848889586038421,0.1337949593726079,0.1373773674760013,0.1299007796763907,2
2013-12-16,0.006231795024949,0.2271690172741475,0.1000070040277205,0.2815623526074565,0.1276806719244744,0.1398708302508412,0.1237101238995539,2
2013-12-17,-0.003180417013933,0.2043502289689898,0.0960727826226502,0.2957650820687054,0.1326492310663272,0.1346840246252786,0.136478648112433,2
2013-12-18,0.0170727507923693,0.2044988960730663,0.1036649512848816,0.2951454821587181,0.1428577830222023,0.1195978758633673,0.1342350110697309,2
2013-12-19,-0.001155657580359,0.2095281068612642,0.1053957970743067,0.2851344403796471,0.1421684030651633,0.1241124824066019,0.1336607683863705,2
2013-12-20,0.005816731546101,0.2054081471532117,0.0963862293877172,0.3007300328533165,0.1452655342331854,0.1187877708690939,0.1334222845867043,2
2013-12-23,0.0053423907536551,0.1965696941970963,0.118279745954189,0.3009435714381268,0.137040432897419,0.1212285987706854,0.1259379563832286,2
2013-12-24,0.0021915957389049,0.2020736334411843,0.1372629678408097,0.2968298966763886,0.1231698221417086,0.1231000140689355,0.1175636668283182,2
2013-12-26,0.0050842430760791,0.1987714276524881,0.1681604592547498,0.2686325609084126,0.1177713152426089,0.121920271235989,0.1247439686504352,2
2013-12-27,-5.451325421002018e-05,0.2146168998901255,0.1483046508656318,0.2782894840896467,0.1279327167325687,0.1192617927168756,0.1115944582362758,2
2013-12-30,-0.0001630391807607,0.1902234788164828,0.1605196858494244,0.2693428279213845,0.1455647197488227,0.1171644854765426,0.1171848011617465,2
2013-12-31,0.004732678135082,0.1953586590019652,0.1352387887085556,0.2685825051755284,0.1375865207320875,0.1207144888932292,0.1425190373048036,2
2014-01-02,-0.0095833727665939,0.0,0.0,0.0,0.0,0.0,0.0,0
2014-01-03,-0.0001639704906374,0.0,0.0,0.0,0.0,0.0,0.0,1
2014-01-06,-0.0028979699664558,0.0,0.0,0.0,0.0,0.0,0.0,0
2014-01-07,0.0061414250579923,0.0,0.0,0.0,0.0,0.0,0.0,1
2014-01-08,0.0002179941455042,0.0,0.0,0.0,0.0,0.0,0.0,0
2014-01-09,0.0006539419859745,0.0,0.0,0.0,0.0,0.0,0.0,1
2014-01-10,0.0027227055627907,0.0,0.0,0.0,0.0,0.0,0.0,0
2014-01-13,-0.0133050214002931,0.0,0.0,0.0,0.0,0.0,0.0,1
2014-01-14,0.0108977918283574,0.0,0.0,0.0,0.0,0.0,0.0,0
2014-01-15,0.0053899511270161,0.0,0.0,0.0,0.0,0.0,0.0,1
2014-01-16,-0.0013000125395309,0.0,0.0,0.0,0.0,0.0,0.0,0
2014-01-17,-0.0042291691173945,0.0,0.0,0.0,0.0,0.0,0.0,1
2014-01-21,0.0029402037178309,0.0,0.0,0.0,0.0,0.0,0.0,0
2014-01-22,0.0006520056599379,0.0,0.0,0.0,0.0,0.0,0.0,1
2014-01-23,-0.0081932476912844,0.0,0.0,0.0,0.0,0.0,0.0,0
2014-01-24,-0.0213359398692898,0.0,0.0,0.0,0.0,0.0,0.0,1
2014-01-27,-0.0049192383239171,0.0,0.0,0.0,0.0,0.0,0.0,0
2014-01-28,0.0059546217410206,0.0,0.0,0.0,0.0,0.0,0.0,1
2014-01-29,-0.0096053300731091,0.0,0.0,0.0,0.0,0.0,0.0,0
2014-01-30,0.0106004976849736,0.0,0.0,0.0,0.0,0.0,0.0,1
2014-01-31,-0.005858169274281,0.0,0.0,0.0,0.0,0.0,0.0,0
2014-02-03,-0.0225055638576935,0.0,0.0,0.0,0.0,0.0,0.0,1
2014-02-04,0.0070047095329104,0.0,0.0,0.0,0.0,0.0,0.0,0
2014-02-05,-0.0012542178442449,0.0,0.0,0.0,0.0,0.0,0.0,1
2014-02-06,0.0131872155963872,0.0,0.0,0.0,0.0,0.0,0.0,0
2014-02-07,0.012395535707123,0.0,0.0,0.0,0.0,0.0,0.0,1
2014-02-10,0.0018366172794042,0.0,0.0,0.0,0.0,0.0,0.0,0
2014-02-11,0.0109439266858071,0.0,0.0,0.0,0.0,0.0,0.0,1
2014-02-12,0.0004947614073336,0.0,0.0,0.0,0.0,0.0,0.0,0
2014-02-13,0.0051628946989061,0.0,0.0,0.0,0.0,0.0,0.0,1
2014-02-14,0.0055184104832191,0.0,0.0,0.0,0.0,0.0,0.0,0
2014-02-18,0.0011958060660333,0.0,0.0,0.0,0.0,0.0,0.0,1
2014-02-19,-0.0066222586430969,0.0,0.0,0.0,0.0,0.0,0.0,0
2014-02-20,0.0059018660837237,0.0,0.0,0.0,0.0,0.0,0.0,1
2014-02-21,-0.0011410469586666,0.0,0.0,0.0,0.0,0.0,0.0,0
2014-02-24,0.0055467109058757,0.0,0.0,0.0,0.0,0.0,0.0,1
2014-02-25,-0.0003788181198868,0.0,0.0,0.0,0.0,0.0,0.0,0
2014-02-26,5.49337333968225e-05,0.0,0.0,0.0,0.0,0.0,0.0,1
2014-02-27,0.0052468968452843,0.0,0.0,0.0,0.0,0.0,0.0,0
2014-02-28,0.0025296544543029,0.0,0.0,0.0,0.0,0.0,0.0,1
2014-03-03,-0.0070322954811105,0.0,0.0,0.0,0.0,0.0,0.0,0
2014-03-04,0.0140555275524616,0.0,0.0,0.0,0.0,0.0,0.0,1
2014-03-05,0.0009062497877694,0.0,0.0,0.0,0.0,0.0,0.0,0
2014-03-06,0.0022904146834001,0.0,0.0,0.0,0.0,0.0,0.0,1
2014-03-07,0.0004250989574621,0.0,0.0,0.0,0.0,0.0,0.0,0
2014-03-10,-0.0005316952250922,0.0,0.0,0.0,0.0,0.0,0.0,1
2014-03-11,-0.0049422286545912,0.0,0.0,0.0,0.0,0.0,0.0,0
2014-03-12,0.0002669599356974,0.0,0.0,0.0,0.0,0.0,0.0,1
2014-03-13,-0.0112131261218102,0.0,0.0,0.0,0.0,0.0,0.0,0
2014-03-14,-0.0028079080321344,0.0,0.0,0.0,0.0,0.0,0.0,1
2014-03-17,0.0090435787253262,0.0,0.0,0.0,0.0,0.0,0.0,0
2014-03-18,0.0071377660638194,0.0,0.0,0.0,0.0,0.0,0.0,1
2014-03-19,-0.0053287618869635,0.0,0.0,0.0,0.0,0.0,0.0,0
2014-03-20,0.0058395659473102,0.0,0.0,0.0,0.0,0.0,0.0,1
2014-03-21,-0.003878458147995,0.0,0.0,0.0,0.0,0.0,0.0,0
2014-03-24,-0.0041356732419457,0.0,0.0,0.0,0.0,0.0,0.0,1
2014-03-25,0.0047461120737877,0.0,0.0,0.0,0.0,0.0,0.0,0
2014-03-26,-0.007192459150478,0.0,0.0,0.0,0.0,0.0,0.0,1
2014-03-27,-0.0021082084604431,0.0,0.0,0.0,0.0,0.0,0.0,0
2014-03-28,0.0049298487355149,0.0,0.0,0.0,0.0,0.0,0.0,1
2014-03-31,0.0081944085519813,0.0,0.0,0.0,0.0,0.0,0.0,0
2014-04-01,0.0066308462864048,0.0,0.0,0.0,0.0,0.0,0.0,1
2014-04-02,0.0033465424131349,0.0,0.0,0.0,0.0,0.0,0.0,0
2014-04-03,-0.0013234476670852,0.0,0.0,0.0,0.0,0.0,0.0,1
2014-04-04,-0.0118224941929733,0.0,0.0,0.0,0.0,0.0,0.0,0
2014-04-07,-0.0110511550573886,0.0,0.0,0.0,0.0,0.0,0.0,1
2014-04-08,0.0041230677388592,0.0,0.0,0.0,0.0,0.0,0.0,0
2014-04-09,0.0107501830928975,0.0,0.0,0.0,0.0,0.0,0.0,1
2014-04-10,-0.0210057057358835,0.0,0.0,0.0,0.0,0.0,0.0,0
2014-04-11,-0.0090081292003957,0.0,0.0,0.0,0.0,0.0,0.0,1
2014-04-14,0.0078782717763818,0.0,0.0,0.0,0.0,0.0,0.0,0
2014-04-15,0.006887561280882,0.0,0.0,0.0,0.0,0.0,0.0,1
2014-04-16,0.0104777701158502,0.0,0.0,0.0,0.0,0.0,0.0,0
2014-04-17,0.0013966126356517,0.0,0.0,0.0,0.0,0.0,0.0,1
2014-04-21,0.0034874125920312,0.0,0.0,0.0,0.0,0.0,0.0,0
2014-04-22,0.0045445062850446,0.0,0.0,0.0,0.0,0.0,0.0,1
2014-04-23,-0.0023420847403247,0.0,0.0,0.0,0.0,0.0,0.0,0
2014-04-24,0.0020277791514771,0.0,0.0,0.0,0.0,0.0,0.0,1
2014-04-25,-0.008199168047792,0.0,0.0,0.0,0.0,0.0,0.0,0
2014-04-28,0.0031669884283924,0.0,0.0,0.0,0.0,0.0,0.0,1
2014-04-29,0.0046552906160706,0.0,0.0,0.0,0.0,0.0,0.0,0
2014-04-30,0.0029828146166559,0.0,0.0,0.0,0.0,0.0,0.0,1
2014-05-01,0.0001061804447515,0.0,0.0,0.0,0.0,0.0,0.0,0
2014-05-02,-0.0014335809326506,0.0,0.0,0.0,0.0,0.0,0.0,1
2014-05-05,0.0019142845637909,0.0,0.0,0.0,0.0,0.0,0.0,0
2014-05-06,-0.0087037918241078,0.0,0.0,0.0,0.0,0.0,0.0,1
2014-05-07,0.0058892585715548,0.0,0.0,0.0,0.0,0.0,0.0,0
2014-05-08,-0.0010650285928607,0.0,0.0,0.0,0.0,0.0,0.0,1
2014-05-09,0.0014927092284908,0.0,0.0,0.0,0.0,0.0,0.0,0
2014-05-12,0.0097355819205238,0.0,0.0,0.0,0.0,0.0,0.0,1
2014-05-13,0.0008955940565888,0.0,0.0,0.0,0.0,0.0,0.0,0
2014-05-14,-0.0047377961883579,0.0,0.0,0.0,0.0,0.0,0.0,1
2014-05-15,-0.0087802861616202,0.0,0.0,0.0,0.0,0.0,0.0,0
2014-05-16,0.0034686173732842,0.0,0.0,0.0,0.0,0.0,0.0,1
2014-05-19,0.003669282165061,0.0,0.0,0.0,0.0,0.0,0.0,0
2014-05-20,-0.0063049241160877,0.0,0.0,0.0,0.0,0.0,0.0,1
2014-05-21,0.0084241355905234,0.0,0.0,0.0,0.0,0.0,0.0,0
2014-05-22,0.0024321542188141,0.0,0.0,0.0,0.0,0.0,0.0,1
2014-05-23,0.0040090926942448,0.0,0.0,0.0,0.0,0.0,0.0,0
2014-05-27,0.0061461609276269,0.0,0.0,0.0,0.0,0.0,0.0,1
2014-05-28,-0.0007307083215533,0.0,0.0,0.0,0.0,0.0,0.0,0
2014-05-29,0.0051731786863478,0.0,0.0,0.0,0.0,0.0,0.0,1
2014-05-30,0.0016114494745627,0.0,0.0,0.0,0.0,0.0,0.0,0
2014-06-02,0.0011412041993681,0.0,0.0,0.0,0.0,0.0,0.0,1
2014-06-03,-0.0005181730411748,0.0,0.0,0.0,0.0,0.0,0.0,0
2014-06-04,0.0020233640257776,0.0,0.0,0.0,0.0,0.0,0.0,1
2014-06-05,0.0065217426984722,0.0,0.0,0.0,0.0,0.0,0.0,0
2014-06-06,0.0047827329346139,0.0,0.0,0.0,0.0,0.0,0.0,1
2014-06-09,0.0010235729167302,0.0,0.0,0.0,0.0,0.0,0.0,0
2014-06-10,0.0001023289223496,0.0,0.0,0.0,0.0,0.0,0.0,1
2014-06-11,-0.0034767295132092,0.0,0.0,0.0,0.0,0.0,0.0,0
2014-06-12,-0.0070798199534237,0.0,0.0,0.0,0.0,0.0,0.0,1
2014-06-13,0.0030484502362086,0.0,0.0,0.0,0.0,0.0,0.0,0
2014-06-16,0.0008244578332237,0.0,0.0,0.0,0.0,0.0,0.0,1
2014-06-17,0.0027792089824034,0.0,0.0,0.0,0.0,0.0,0.0,0
2014-06-18,0.0073396573460762,0.0,0.0,0.0,0.0,0.0,0.0,1
2014-06-19,0.0011209579700159,0.0,0.0,0.0,0.0,0.0,0.0,0
2014-06-20,0.0020298944992165,0.0,0.0,0.0,0.0,0.0,0.0,1
2014-06-23,-0.0003058142218391,0.0,0.0,0.0,0.0,0.0,0.0,0
2014-06-24,-0.0060240518564849,0.0,0.0,0.0,0.0,0.0,0.0,1
2014-06-25,0.0045199407777924,0.0,0.0,0.0,0.0,0.0,0.0,0
2014-06-26,-0.0007159235618008,0.0,0.0,0.0,0.0,0.0,0.0,1
2014-06-27,0.0019442469381671,0.0,0.0,0.0,0.0,0.0,0.0,0
2014-06-30,-0.0005109504550587,0.0,0.0,0.0,0.0,0.0,0.0,1
2014-07-01,0.0066935531752123,0.0,0.0,0.0,0.0,0.0,0.0,0
2014-07-02,0.0010147772521065,0.0,0.0,0.0,0.0,0.0,0.0,1
2014-07-03,0.004918153289205,0.0,0.0,0.0,0.0,0.0,0.0,0
2014-07-07,-0.0034811632811591,0.0,0.0,0.0,0.0,0.0,0.0,1
2014-07-08,-0.0064295058397036,0.0,0.0,0.0,0.0,0.0,0.0,0
2014-07-09,0.0044839006852226,0.0,0.0,0.0,0.0,0.0,0.0,1
2014-07-10,-0.0039568693891262,0.0,0.0,0.0,0.0,0.0,0.0,0
2014-07-11,0.001374872210724,0.0,0.0,0.0,0.0,0.0,0.0,1
2014-07-14,0.0050355354870994,0.0,0.0,0.0,0.0,0.0,0.0,0
2014-07-15,-0.0018728289402424,0.0,0.0,0.0,0.0,0.0,0.0,1
2014-07-16,0.0037016738850719,0.0,0.0,0.0,0.0,0.0,0.0,0
2014-07-17,-0.0113661031860365,0.0,0.0,0.0,0.0,0.0,0.0,1
2014-07-18,0.0102196311083651,0.0,0.0,0.0,0.0,0.0,0.0,0
2014-07-21,-0.0018716924982451,0.0,0.0,0.0,0.0,0.0,0.0,1
2014-07-22,0.0043575995265854,0.0,0.0,0.0,0.0,0.0,0.0,0
2014-07-23,0.0022200622673893,0.0,0.0,0.0,0.0,0.0,0.0,1
2014-07-24,5.036967980776019e-05,0.0,0.0,0.0,0.0,0.0,0.0,0
2014-07-25,-0.0046813409172482,0.0,0.0,0.0,0.0,0.0,0.0,1
2014-07-28,0.0004047384156184,0.0,0.0,0.0,0.0,0.0,0.0,0
2014-07-29,-0.0042976321917933,0.0,0.0,0.0,0.0,0.0,0.0,1
2014-07-30,0.0001525941811946,0.0,0.0,0.0,0.0,0.0,0.0,0
2014-07-31,-0.0197481779133126,0.0,0.0,0.0,0.0,0.0,0.0,1
2014-08-01,-0.0030558831398447,0.0,0.0,0.0,0.0,0.0,0.0,0
2014-08-04,0.007221037836028,0.0,0.0,0.0,0.0,0.0,0.0,1
2014-08-05,-0.0096963149541708,0.0,0.0,0.0,0.0,0.0,0.0,0
2014-08-06,0.0003124600905226,0.0,0.0,0.0,0.0,0.0,0.0,1
2014-08-07,-0.0054149274670524,0.0,0.0,0.0,0.0,0.0,0.0,0
2014-08-08,0.0115692223974035,0.0,0.0,0.0,0.0,0.0,0.0,1
2014-08-11,0.0028976992565694,0.0,0.0,0.0,0.0,0.0,0.0,0
2014-08-12,-0.0013930836995796,0.0,0.0,0.0,0.0,0.0,0.0,1
2014-08-13,0.0067690082991833,0.0,0.0,0.0,0.0,0.0,0.0,0
2014-08-14,0.0047219106007665,0.0,0.0,0.0,0.0,0.0,0.0,1
2014-08-15,-0.0002047272751065,0.0,0.0,0.0,0.0,0.0,0.0,0
2014-08-18,0.0083795083604445,0.0,0.0,0.0,0.0,0.0,0.0,1
2014-08-19,0.0052189029120588,0.0,0.0,0.0,0.0,0.0,0.0,0
2014-08-20,0.0026714598431893,0.0,0.0,0.0,0.0,0.0,0.0,1
2014-08-21,0.0029160226898816,0.0,0.0,0.0,0.0,0.0,0.0,0
2014-08-22,-0.0015542632723234,0.0,0.0,0.0,0.0,0.0,0.0,1
2014-08-25,0.0050709612124679,0.0,0.0,0.0,0.0,0.0,0.0,0
2014-08-26,0.0006493323457819,0.0,0.0,0.0,0.0,0.0,0.0,1
2014-08-27,-0.0003996505906683,0.0,0.0,0.0,0.0,0.0,0.0,0
2014-08-28,-0.000549148310275,0.0,0.0,0.0,0.0,0.0,0.0,1
2014-08-29,0.002847883773323,0.0,0.0,0.0,0.0,0.0,0.0,0
2014-09-02,-0.0004978545456395,0.0,0.0,0.0,0.0,0.0,0.0,1
2014-09-03,-0.0005485327489226,0.0,0.0,0.0,0.0,0.0,0.0,0
2014-09-04,-0.00144661406207,0.0,0.0,0.0,0.0,0.0,0.0,1
2014-09-05,0.0044954971318327,0.0,0.0,0.0,0.0,0.0,0.0,0
2014-09-08,-0.0025854847887819,0.0,0.0,0.0,0.0,0.0,0.0,1
2014-09-09,-0.0063316137226083,0.0,0.0,0.0,0.0,0.0,0.0,0
2014-09-10,0.0037628818213524,0.0,0.0,0.0,0.0,0.0,0.0,1
2014-09-11,0.0011498509127783,0.0,0.0,0.0,0.0,0.0,0.0,0
2014-09-12,-0.0058415363707741,0.0,0.0,0.0,0.0,0.0,0.0,1
2014-09-15,-0.0007532198283255,0.0,0.0,0.0,0.0,0.0,0.0,0
2014-09-16,0.007538342413613,0.0,0.0,0.0,0.0,0.0,0.0,1
2014-09-17,0.0013471290059587,0.0,0.0,0.0,0.0,0.0,0.0,0
2014-09-18,0.0053294846925726,0.0,0.0,0.0,0.0,0.0,0.0,1
2014-09-19,-0.0009010144230371,0.0,0.0,0.0,0.0,0.0,0.0,0
2014-09-22,-0.007722975248366,0.0,0.0,0.0,0.0,0.0,0.0,1
2014-09-23,-0.0057239854436199,0.0,0.0,0.0,0.0,0.0,0.0,0
2014-09-24,0.007827983854894,0.0,0.0,0.0,0.0,0.0,0.0,1
2014-09-25,-0.0161355297467321,0.0,0.0,0.0,0.0,0.0,0.0,0
2014-09-26,0.007945288085625,0.0,0.0,0.0,0.0,0.0,0.0,1
2014-09-29,-0.0018192760353189,0.0,0.0,0.0,0.0,0.0,0.0,0
2014-09-30,-0.0026321234102127,0.0,0.0,0.0,0.0,0.0,0.0,1
2014-10-01,-0.0135519950949182,0.0,0.0,0.0,0.0,0.0,0.0,0
2014-10-02,0.0001547716979606,0.0,0.0,0.0,0.0,0.0,0.0,1
2014-10-03,0.011008952461359,0.0,0.0,0.0,0.0,0.0,0.0,0
2014-10-06,-0.0011704406616482,0.0,0.0,0.0,0.0,0.0,0.0,1
2014-10-07,-0.0154361242337427,0.0,0.0,0.0,0.0,0.0,0.0,0
2014-10-08,0.0174889841771204,0.0,0.0,0.0,0.0,0.0,0.0,1
2014-10-09,-0.0198330172625125,0.0,0.0,0.0,0.0,0.0,0.0,0
2014-10-10,-0.0114144730314609,0.0,0.0,0.0,0.0,0.0,0.0,1
2014-10-13,-0.0164267477073961,0.0,0.0,0.0,0.0,0.0,0.0,0
2014-10-14,0.001547158765621,0.0,0.0,0.0,0.0,0.0,0.0,1
2014-10-15,-0.0067661521506177,0.0,0.0,0.0,0.0,0.0,0.0,0
2014-10-16,-0.0008578734767443,0.0,0.0,0.0,0.0,0.0,0.0,1
2014-10-17,0.0118106495024008,0.0,0.0,0.0,0.0,0.0,0.0,0
2014-10-20,0.0097097410533113,0.0,0.0,0.0,0.0,0.0,0.0,1
2014-10-21,0.019811016472415,0.0,0.0,0.0,0.0,0.0,0.0,0
2014-10-22,-0.0071113943588301,0.0,0.0,0.0,0.0,0.0,0.0,1
2014-10-23,0.0116253235848826,0.0,0.0,0.0,0.0,0.0,0.0,0
2014-10-24,0.0076948012864321,0.0,0.0,0.0,0.0,0.0,0.0,1
2014-10-27,-0.0013744332649722,0.0,0.0,0.0,0.0,0.0,0.0,0
2014-10-28,0.0114704419338664,0.0,0.0,0.0,0.0,0.0,0.0,1
2014-10-29,-0.0015118559398245,0.0,0.0,0.0,0.0,0.0,0.0,0
2014-10-30,0.0064104250033247,0.0,0.0,0.0,0.0,0.0,0.0,1
2014-10-31,0.0114353167597014,0.0,0.0,0.0,0.0,0.0,0.0,0
2014-11-03,0.000545703392065,0.0,0.0,0.0,0.0,0.0,0.0,1
2014-11-04,-0.0034694985765055,0.0,0.0,0.0,0.0,0.0,0.0,0
2014-11-05,0.0063164247811746,0.0,0.0,0.0,0.0,0.0,0.0,1
2014-11-06,0.0040028636235796,0.0,0.0,0.0,0.0,0.0,0.0,0
2014-11-07,0.0009351526821836,0.0,0.0,0.0,0.0,0.0,0.0,1
2014-11-10,0.0031476715081617,0.0,0.0,0.0,0.0,0.0,0.0,0
2014-11-11,0.0009802608153193,0.0,0.0,0.0,0.0,0.0,0.0,1
2014-11-12,-0.0010775747979253,0.0,0.0,0.0,0.0,0.0,0.0,0
2014-11-13,0.0011281083788476,0.0,0.0,0.0,0.0,0.0,0.0,1
2014-11-14,0.0002447678939807,0.0,0.0,0.0,0.0,0.0,0.0,0
2014-11-17,0.0006365121882223,0.0,0.0,0.0,0.0,0.0,0.0,1
2014-11-18,0.0057737857434034,0.0,0.0,0.0,0.0,0.0,0.0,0
2014-11-19,-0.0016055887648697,0.0,0.0,0.0,0.0,0.0,0.0,1
2014-11-20,0.0017542945102602,0.0,0.0,0.0,0.0,0.0,0.0,0
2014-11-21,0.0053508223689828,0.0,0.0,0.0,0.0,0.0,0.0,1
2014-11-24,0.0028063525551915,0.0,0.0,0.0,0.0,0.0,0.0,0
2014-11-25,-0.0007237835506526,0.0,0.0,0.0,0.0,0.0,0.0,1
2014-11-26,0.0025591197612915,0.0,0.0,0.0,0.0,0.0,0.0,0
2014-11-28,-0.0021192366014299,0.0,0.0,0.0,0.0,0.0,0.0,1
2014-12-01,-0.0069498536363695,0.0,0.0,0.0,0.0,0.0,0.0,0
2014-12-02,0.006463842066849,0.0,0.0,0.0,0.0,0.0,0.0,1
2014-12-03,0.0038630511001773,0.0,0.0,0.0,0.0,0.0,0.0,0
2014-12-04,-0.0011066043688076,0.0,0.0,0.0,0.0,0.0,0.0,1
2014-12-05,0.0016376776545707,0.0,0.0,0.0,0.0,0.0,0.0,0
2014-12-08,-0.0066826607560547,0.0,0.0,0.0,0.0,0.0,0.0,1
2014-12-09,-0.0006775909918762,0.0,0.0,0.0,0.0,0.0,0.0,0
2014-12-10,-0.0160315033488639,0.0,0.0,0.0,0.0,0.0,0.0,1
2014-12-11,0.0050700565993224,0.0,0.0,0.0,0.0,0.0,0.0,0
2014-12-12,-0.0161616485176476,0.0,0.0,0.0,0.0,0.0,0.0,1
2014-12-15,-0.0068694201309539,0.0,0.0,0.0,0.0,0.0,0.0,0
2014-12-16,-0.0080196406923881,0.0,0.0,0.0,0.0,0.0,0.0,1
2014-12-17,0.0196049179033093,0.0,0.0,0.0,0.0,0.0,0.0,0
2014-12-18,0.024728628865007,0.0,0.0,0.0,0.0,0.0,0.0,1
2014-12-19,0.0042549404407521,0.0,0.0,0.0,0.0,0.0,0.0,0
2014-12-22,0.0046001096175132,0.0,0.0,0.0,0.0,0.0,0.0,1
2014-12-23,0.0013495966310921,0.0,0.0,0.0,0.0,0.0,0.0,0
2014-12-24,9.640882436157128e-05,0.0,0.0,0.0,0.0,0.0,0.0,1
2014-12-26,0.0032244316385381,0.0,0.0,0.0,0.0,0.0,0.0,0
2014-12-29,0.0013434044737952,0.0,0.0,0.0,0.0,0.0,0.0,1
2014-12-30,-0.005365792375907,0.0,0.0,0.0,0.0,0.0,0.0,0
